0 verbose cli /usr/bin/node /usr/bin/npm
1 info using npm@9.2.0
2 info using node@v18.19.1
3 timing npm:load:whichnode Completed in 1ms
4 timing config:load:defaults Completed in 4ms
5 timing config:load:file:/usr/share/nodejs/npm/npmrc Completed in 11ms
6 timing config:load:builtin Completed in 12ms
7 timing config:load:cli Completed in 4ms
8 timing config:load:env Completed in 4ms
9 timing config:load:file:/home/devluca/bot-achadinhos/.npmrc Completed in 0ms
10 timing config:load:project Completed in 2ms
11 timing config:load:file:/home/devluca/.npmrc Completed in 1ms
12 timing config:load:user Completed in 1ms
13 timing config:load:file:/etc/npmrc Completed in 0ms
14 timing config:load:global Completed in 1ms
15 timing config:load:setEnvs Completed in 2ms
16 timing config:load Completed in 30ms
17 timing npm:load:configload Completed in 30ms
18 timing npm:load:mkdirpcache Completed in 1ms
19 timing npm:load:mkdirplogs Completed in 1ms
20 verbose title npm install
21 verbose argv "install" "--cache" "/home/devluca/bot-achadinhos/.npm-cache"
22 timing npm:load:setTitle Completed in 3ms
23 timing config:load:flatten Completed in 9ms
24 timing npm:load:display Completed in 10ms
25 verbose logfile logs-max:10 dir:/home/devluca/bot-achadinhos/.npm-cache/_logs/2026-07-30T00_12_51_228Z-
26 verbose logfile /home/devluca/bot-achadinhos/.npm-cache/_logs/2026-07-30T00_12_51_228Z-debug-0.log
27 timing npm:load:logFile Completed in 17ms
28 timing npm:load:timers Completed in 0ms
29 timing npm:load:configScope Completed in 0ms
30 timing npm:load Completed in 63ms
31 silly logfile done cleaning log files
32 timing config:load:flatten Completed in 1ms
33 timing arborist:ctor Completed in 2ms
34 timing arborist:ctor Completed in 1ms
35 timing idealTree:init Completed in 30ms
36 timing idealTree:userRequests Completed in 1ms
37 silly idealTree buildDeps
38 silly fetch manifest cors@^2.8.5
39 http fetch GET 200 https://registry.npmjs.org/cors 532ms (cache miss)
40 silly fetch manifest express@^4.21.2
41 http fetch GET 200 https://registry.npmjs.org/express 421ms (cache miss)
42 silly fetch manifest nodemon@^3.1.9
43 http fetch GET 200 https://registry.npmjs.org/nodemon 389ms (cache miss)
44 silly placeDep ROOT cors@2.8.6 OK for: bot-achadinhos@1.0.0 want: ^2.8.5
45 silly placeDep ROOT express@4.22.2 OK for: bot-achadinhos@1.0.0 want: ^4.21.2
46 silly placeDep ROOT nodemon@3.1.14 OK for: bot-achadinhos@1.0.0 want: ^3.1.9
47 silly fetch manifest object-assign@^4
48 silly fetch manifest vary@^1
49 silly fetch manifest qs@~6.15.1
50 silly fetch manifest depd@2.0.0
51 silly fetch manifest etag@~1.8.1
52 silly fetch manifest send@~0.19.0
53 silly fetch manifest vary@~1.1.2
54 silly fetch manifest debug@2.6.9
55 silly fetch manifest fresh@~0.5.2
56 silly fetch manifest cookie@~0.7.1
57 silly fetch manifest accepts@~1.3.8
58 silly fetch manifest methods@~1.1.2
59 silly fetch manifest type-is@~1.6.18
60 silly fetch manifest parseurl@~1.3.3
61 silly fetch manifest statuses@~2.0.1
62 silly fetch manifest encodeurl@~2.0.0
63 silly fetch manifest proxy-addr@~2.0.7
64 silly fetch manifest body-parser@~1.20.5
65 silly fetch manifest escape-html@~1.0.3
66 silly fetch manifest http-errors@~2.0.0
67 silly fetch manifest on-finished@~2.4.1
68 silly fetch manifest safe-buffer@5.2.1
69 silly fetch manifest utils-merge@1.0.1
70 silly fetch manifest content-type@~1.0.4
71 silly fetch manifest finalhandler@~1.3.1
72 silly fetch manifest range-parser@~1.2.1
73 silly fetch manifest serve-static@~1.16.2
74 silly fetch manifest array-flatten@1.1.1
75 silly fetch manifest path-to-regexp@~0.1.12
76 silly fetch manifest setprototypeof@1.2.0
77 silly fetch manifest cookie-signature@~1.0.6
78 silly fetch manifest merge-descriptors@1.0.3
79 silly fetch manifest content-disposition@~0.5.4
80 silly fetch manifest debug@^4
81 silly fetch manifest touch@^3.1.0
82 silly fetch manifest semver@^7.5.3
83 silly fetch manifest chokidar@^3.5.2
84 silly fetch manifest minimatch@^10.2.1
85 silly fetch manifest undefsafe@^2.0.5
86 silly fetch manifest pstree.remy@^1.1.8
87 silly fetch manifest supports-color@^5.5.0
88 silly fetch manifest ignore-by-default@^1.0.1
89 silly fetch manifest simple-update-notifier@^2.0.0
90 http fetch GET 200 https://registry.npmjs.org/vary 994ms (cache miss)
91 http fetch GET 200 https://registry.npmjs.org/vary 1013ms (cache miss)
92 http fetch GET 200 https://registry.npmjs.org/encodeurl 998ms (cache miss)
93 http fetch GET 200 https://registry.npmjs.org/statuses 1000ms (cache miss)
94 http fetch GET 200 https://registry.npmjs.org/escape-html 996ms (cache miss)
95 http fetch GET 200 https://registry.npmjs.org/methods 1004ms (cache miss)
96 http fetch GET 200 https://registry.npmjs.org/fresh 1012ms (cache miss)
97 http fetch GET 200 https://registry.npmjs.org/depd 1023ms (cache miss)
98 http fetch GET 200 https://registry.npmjs.org/utils-merge 999ms (cache miss)
99 http fetch GET 200 https://registry.npmjs.org/etag 1025ms (cache miss)
100 http fetch GET 200 https://registry.npmjs.org/object-assign 1036ms (cache miss)
101 http fetch GET 200 https://registry.npmjs.org/content-type 1002ms (cache miss)
102 http fetch GET 200 https://registry.npmjs.org/merge-descriptors 990ms (cache miss)
103 http fetch GET 200 https://registry.npmjs.org/setprototypeof 995ms (cache miss)
104 http fetch GET 200 https://registry.npmjs.org/range-parser 1006ms (cache miss)
105 http fetch GET 200 https://registry.npmjs.org/content-disposition 995ms (cache miss)
106 http fetch GET 200 https://registry.npmjs.org/parseurl 1028ms (cache miss)
107 http fetch GET 200 https://registry.npmjs.org/on-finished 1019ms (cache miss)
108 http fetch GET 200 https://registry.npmjs.org/safe-buffer 1019ms (cache miss)
109 http fetch GET 200 https://registry.npmjs.org/cookie-signature 1005ms (cache miss)
110 http fetch GET 200 https://registry.npmjs.org/ignore-by-default 986ms (cache miss)
111 http fetch GET 200 https://registry.npmjs.org/array-flatten 1013ms (cache miss)
112 http fetch GET 200 https://registry.npmjs.org/proxy-addr 1034ms (cache miss)
113 http fetch GET 200 https://registry.npmjs.org/accepts 1041ms (cache miss)
114 http fetch GET 200 https://registry.npmjs.org/cookie 1043ms (cache miss)
115 http fetch GET 200 https://registry.npmjs.org/type-is 1046ms (cache miss)
116 http fetch GET 200 https://registry.npmjs.org/http-errors 1039ms (cache miss)
117 http fetch GET 200 https://registry.npmjs.org/finalhandler 1035ms (cache miss)
118 http fetch GET 200 https://registry.npmjs.org/simple-update-notifier 1008ms (cache miss)
119 http fetch GET 200 https://registry.npmjs.org/touch 1021ms (cache miss)
120 http fetch GET 200 https://registry.npmjs.org/undefsafe 1017ms (cache miss)
121 http fetch GET 200 https://registry.npmjs.org/serve-static 1042ms (cache miss)
122 http fetch GET 200 https://registry.npmjs.org/pstree.remy 1020ms (cache miss)
123 http fetch GET 200 https://registry.npmjs.org/body-parser 1060ms (cache miss)
124 http fetch GET 200 https://registry.npmjs.org/send 1077ms (cache miss)
125 http fetch GET 200 https://registry.npmjs.org/supports-color 1032ms (cache miss)
126 http fetch GET 200 https://registry.npmjs.org/path-to-regexp 1058ms (cache miss)
127 http fetch GET 200 https://registry.npmjs.org/debug 1087ms (cache miss)
128 http fetch GET 200 https://registry.npmjs.org/debug 1055ms (cache miss)
129 http fetch GET 200 https://registry.npmjs.org/chokidar 1057ms (cache miss)
130 http fetch GET 200 https://registry.npmjs.org/semver 1063ms (cache miss)
131 http fetch GET 200 https://registry.npmjs.org/qs 1120ms (cache miss)
132 http fetch GET 200 https://registry.npmjs.org/minimatch 1069ms (cache miss)
133 timing idealTree:#root Completed in 2553ms
134 silly placeDep ROOT object-assign@4.1.1 OK for: cors@2.8.6 want: ^4
135 silly placeDep ROOT vary@1.1.2 OK for: cors@2.8.6 want: ^1
136 timing idealTree:node_modules/cors Completed in 8ms
137 silly placeDep ROOT accepts@1.3.8 OK for: express@4.22.2 want: ~1.3.8
138 silly placeDep ROOT array-flatten@1.1.1 OK for: express@4.22.2 want: 1.1.1
139 silly placeDep ROOT body-parser@1.20.6 OK for: express@4.22.2 want: ~1.20.5
140 silly placeDep ROOT content-disposition@0.5.4 OK for: express@4.22.2 want: ~0.5.4
141 silly placeDep ROOT content-type@1.0.5 OK for: express@4.22.2 want: ~1.0.4
142 silly placeDep ROOT cookie@0.7.2 OK for: express@4.22.2 want: ~0.7.1
143 silly placeDep ROOT cookie-signature@1.0.7 OK for: express@4.22.2 want: ~1.0.6
144 silly placeDep ROOT debug@2.6.9 OK for: express@4.22.2 want: 2.6.9
145 silly placeDep ROOT depd@2.0.0 OK for: express@4.22.2 want: 2.0.0
146 silly placeDep ROOT encodeurl@2.0.0 OK for: express@4.22.2 want: ~2.0.0
147 silly placeDep ROOT escape-html@1.0.3 OK for: express@4.22.2 want: ~1.0.3
148 silly placeDep ROOT etag@1.8.1 OK for: express@4.22.2 want: ~1.8.1
149 silly placeDep ROOT finalhandler@1.3.2 OK for: express@4.22.2 want: ~1.3.1
150 silly placeDep ROOT fresh@0.5.2 OK for: express@4.22.2 want: ~0.5.2
151 silly placeDep ROOT http-errors@2.0.1 OK for: express@4.22.2 want: ~2.0.0
152 silly placeDep ROOT merge-descriptors@1.0.3 OK for: express@4.22.2 want: 1.0.3
153 silly placeDep ROOT methods@1.1.2 OK for: express@4.22.2 want: ~1.1.2
154 silly placeDep ROOT on-finished@2.4.1 OK for: express@4.22.2 want: ~2.4.1
155 silly placeDep ROOT parseurl@1.3.3 OK for: express@4.22.2 want: ~1.3.3
156 silly placeDep ROOT path-to-regexp@0.1.13 OK for: express@4.22.2 want: ~0.1.12
157 silly placeDep ROOT proxy-addr@2.0.7 OK for: express@4.22.2 want: ~2.0.7
158 silly placeDep ROOT qs@6.15.3 OK for: express@4.22.2 want: ~6.15.1
159 silly placeDep ROOT range-parser@1.2.1 OK for: express@4.22.2 want: ~1.2.1
160 silly placeDep ROOT safe-buffer@5.2.1 OK for: express@4.22.2 want: 5.2.1
161 silly placeDep ROOT send@0.19.2 OK for: express@4.22.2 want: ~0.19.0
162 silly placeDep ROOT serve-static@1.16.3 OK for: express@4.22.2 want: ~1.16.2
163 silly placeDep ROOT setprototypeof@1.2.0 OK for: express@4.22.2 want: 1.2.0
164 silly placeDep ROOT statuses@2.0.2 OK for: express@4.22.2 want: ~2.0.1
165 silly placeDep ROOT type-is@1.6.18 OK for: express@4.22.2 want: ~1.6.18
166 silly placeDep ROOT utils-merge@1.0.1 OK for: express@4.22.2 want: 1.0.1
167 silly fetch manifest mime-types@~2.1.34
168 silly fetch manifest negotiator@0.6.3
169 silly fetch manifest bytes@~3.1.2
170 silly fetch manifest unpipe@~1.0.0
171 silly fetch manifest destroy@~1.2.0
172 silly fetch manifest raw-body@~2.5.3
173 silly fetch manifest iconv-lite@~0.4.24
174 silly fetch manifest ms@2.0.0
175 silly fetch manifest inherits@~2.0.4
176 silly fetch manifest toidentifier@~1.0.1
177 silly fetch manifest ee-first@1.1.1
178 silly fetch manifest forwarded@0.2.0
179 silly fetch manifest ipaddr.js@1.9.1
180 silly fetch manifest side-channel@^1.1.1
181 silly fetch manifest es-define-property@^1.0.1
182 silly fetch manifest ms@2.1.3
183 silly fetch manifest mime@1.6.0
184 silly fetch manifest destroy@1.2.0
185 silly fetch manifest mime-types@~2.1.24
186 silly fetch manifest media-typer@0.3.0
187 http fetch GET 200 https://registry.npmjs.org/es-define-property 504ms (cache miss)
188 http fetch GET 200 https://registry.npmjs.org/destroy 529ms (cache miss)
189 http fetch GET 200 https://registry.npmjs.org/unpipe 534ms (cache miss)
190 http fetch GET 200 https://registry.npmjs.org/destroy 510ms (cache miss)
191 http fetch GET 200 https://registry.npmjs.org/media-typer 509ms (cache miss)
192 http fetch GET 200 https://registry.npmjs.org/negotiator 545ms (cache miss)
193 http fetch GET 200 https://registry.npmjs.org/inherits 534ms (cache miss)
194 http fetch GET 200 https://registry.npmjs.org/forwarded 530ms (cache miss)
195 http fetch GET 200 https://registry.npmjs.org/bytes 546ms (cache miss)
196 http fetch GET 200 https://registry.npmjs.org/side-channel 522ms (cache miss)
197 http fetch GET 200 https://registry.npmjs.org/ee-first 535ms (cache miss)
198 http fetch GET 200 https://registry.npmjs.org/toidentifier 538ms (cache miss)
199 http fetch GET 200 https://registry.npmjs.org/ms 544ms (cache miss)
200 http fetch GET 200 https://registry.npmjs.org/ms 528ms (cache miss)
201 http fetch GET 200 https://registry.npmjs.org/ipaddr.js 533ms (cache miss)
202 http fetch GET 200 https://registry.npmjs.org/mime-types 563ms (cache miss)
203 http fetch GET 200 https://registry.npmjs.org/mime 535ms (cache miss)
204 http fetch GET 200 https://registry.npmjs.org/raw-body 561ms (cache miss)
205 http fetch GET 200 https://registry.npmjs.org/iconv-lite 563ms (cache miss)
206 http fetch GET 200 https://registry.npmjs.org/mime-types 544ms (cache miss)
207 timing idealTree:node_modules/express Completed in 679ms
208 silly placeDep ROOT mime-types@2.1.35 OK for: accepts@1.3.8 want: ~2.1.34
209 silly placeDep ROOT negotiator@0.6.3 OK for: accepts@1.3.8 want: 0.6.3
210 silly fetch manifest mime-db@1.52.0
211 http fetch GET 200 https://registry.npmjs.org/mime-db 338ms (cache miss)
212 timing idealTree:node_modules/accepts Completed in 348ms
213 timing idealTree:node_modules/array-flatten Completed in 0ms
214 silly placeDep ROOT bytes@3.1.2 OK for: body-parser@1.20.6 want: ~3.1.2
215 silly placeDep ROOT destroy@1.2.0 OK for: body-parser@1.20.6 want: ~1.2.0
216 silly placeDep ROOT iconv-lite@0.4.24 OK for: body-parser@1.20.6 want: ~0.4.24
217 silly placeDep ROOT raw-body@2.5.3 OK for: body-parser@1.20.6 want: ~2.5.3
218 silly placeDep ROOT unpipe@1.0.0 OK for: body-parser@1.20.6 want: ~1.0.0
219 silly fetch manifest safer-buffer@>= 2.1.2 < 3
220 http fetch GET 200 https://registry.npmjs.org/safer-buffer 321ms (cache miss)
221 timing idealTree:node_modules/body-parser Completed in 336ms
222 timing idealTree:node_modules/bytes Completed in 0ms
223 timing idealTree:node_modules/content-disposition Completed in 0ms
224 timing idealTree:node_modules/content-type Completed in 0ms
225 timing idealTree:node_modules/cookie Completed in 0ms
226 timing idealTree:node_modules/cookie-signature Completed in 0ms
227 silly placeDep ROOT ms@2.0.0 OK for: debug@2.6.9 want: 2.0.0
228 timing idealTree:node_modules/debug Completed in 3ms
229 timing idealTree:node_modules/depd Completed in 0ms
230 timing idealTree:node_modules/destroy Completed in 0ms
231 timing idealTree:node_modules/encodeurl Completed in 0ms
232 timing idealTree:node_modules/escape-html Completed in 0ms
233 timing idealTree:node_modules/etag Completed in 0ms
234 timing idealTree:node_modules/finalhandler Completed in 0ms
235 timing idealTree:node_modules/fresh Completed in 0ms
236 silly placeDep ROOT inherits@2.0.4 OK for: http-errors@2.0.1 want: ~2.0.4
237 silly placeDep ROOT toidentifier@1.0.1 OK for: http-errors@2.0.1 want: ~1.0.1
238 timing idealTree:node_modules/http-errors Completed in 6ms
239 silly placeDep ROOT safer-buffer@2.1.2 OK for: iconv-lite@0.4.24 want: >= 2.1.2 < 3
240 timing idealTree:node_modules/iconv-lite Completed in 3ms
241 timing idealTree:node_modules/inherits Completed in 0ms
242 timing idealTree:node_modules/merge-descriptors Completed in 0ms
243 timing idealTree:node_modules/methods Completed in 0ms
244 silly placeDep ROOT mime-db@1.52.0 OK for: mime-types@2.1.35 want: 1.52.0
245 timing idealTree:node_modules/mime-types Completed in 2ms
246 timing idealTree:node_modules/mime-db Completed in 0ms
247 timing idealTree:node_modules/ms Completed in 0ms
248 timing idealTree:node_modules/negotiator Completed in 0ms
249 silly placeDep ROOT chokidar@3.6.0 OK for: nodemon@3.1.14 want: ^3.5.2
250 silly placeDep node_modules/nodemon debug@4.4.3 OK for: nodemon@3.1.14 want: ^4
251 silly placeDep ROOT ignore-by-default@1.0.1 OK for: nodemon@3.1.14 want: ^1.0.1
252 silly placeDep ROOT minimatch@10.2.6 OK for: nodemon@3.1.14 want: ^10.2.1
253 silly placeDep ROOT pstree.remy@1.1.8 OK for: nodemon@3.1.14 want: ^1.1.8
254 silly placeDep ROOT semver@7.8.5 OK for: nodemon@3.1.14 want: ^7.5.3
255 silly placeDep ROOT simple-update-notifier@2.0.0 OK for: nodemon@3.1.14 want: ^2.0.0
256 silly placeDep ROOT supports-color@5.5.0 OK for: nodemon@3.1.14 want: ^5.5.0
257 silly placeDep ROOT touch@3.1.1 OK for: nodemon@3.1.14 want: ^3.1.0
258 silly placeDep ROOT undefsafe@2.0.5 OK for: nodemon@3.1.14 want: ^2.0.5
259 silly fetch manifest braces@~3.0.2
260 silly fetch manifest is-glob@~4.0.1
261 silly fetch manifest anymatch@~3.1.2
262 silly fetch manifest readdirp@~3.6.0
263 silly fetch manifest glob-parent@~5.1.2
264 silly fetch manifest is-binary-path@~2.1.0
265 silly fetch manifest normalize-path@~3.0.0
266 silly fetch manifest fsevents@~2.3.2
267 silly fetch manifest ms@^2.1.3
268 silly fetch manifest brace-expansion@^5.0.8
269 silly fetch manifest has-flag@^3.0.0
270 http fetch GET 200 https://registry.npmjs.org/is-binary-path 433ms (cache miss)
271 http fetch GET 200 https://registry.npmjs.org/is-glob 440ms (cache miss)
272 http fetch GET 200 https://registry.npmjs.org/normalize-path 435ms (cache miss)
273 http fetch GET 200 https://registry.npmjs.org/anymatch 441ms (cache miss)
274 http fetch GET 200 https://registry.npmjs.org/glob-parent 439ms (cache miss)
275 http fetch GET 200 https://registry.npmjs.org/has-flag 434ms (cache miss)
276 http fetch GET 200 https://registry.npmjs.org/braces 448ms (cache miss)
277 http fetch GET 200 https://registry.npmjs.org/brace-expansion 439ms (cache miss)
278 http fetch GET 200 https://registry.npmjs.org/readdirp 449ms (cache miss)
279 http fetch GET 200 https://registry.npmjs.org/fsevents 447ms (cache miss)
280 timing idealTree:node_modules/nodemon Completed in 491ms
281 silly placeDep ROOT anymatch@3.1.3 OK for: chokidar@3.6.0 want: ~3.1.2
282 silly placeDep ROOT braces@3.0.3 OK for: chokidar@3.6.0 want: ~3.0.2
283 silly placeDep ROOT fsevents@2.3.3 OK for: chokidar@3.6.0 want: ~2.3.2
284 silly placeDep ROOT glob-parent@5.1.2 OK for: chokidar@3.6.0 want: ~5.1.2
285 silly placeDep ROOT is-binary-path@2.1.0 OK for: chokidar@3.6.0 want: ~2.1.0
286 silly placeDep ROOT is-glob@4.0.3 OK for: chokidar@3.6.0 want: ~4.0.1
287 silly placeDep ROOT normalize-path@3.0.0 OK for: chokidar@3.6.0 want: ~3.0.0
288 silly placeDep ROOT readdirp@3.6.0 OK for: chokidar@3.6.0 want: ~3.6.0
289 silly fetch manifest picomatch@^2.0.4
290 silly fetch manifest fill-range@^7.1.1
291 silly fetch manifest binary-extensions@^2.0.0
292 silly fetch manifest is-extglob@^2.1.1
293 silly fetch manifest picomatch@^2.2.1
294 http fetch GET 200 https://registry.npmjs.org/is-extglob 397ms (cache miss)
295 http fetch GET 200 https://registry.npmjs.org/picomatch 397ms (cache miss)
296 http fetch GET 200 https://registry.npmjs.org/binary-extensions 408ms (cache miss)
297 http fetch GET 200 https://registry.npmjs.org/fill-range 419ms (cache miss)
298 http fetch GET 200 https://registry.npmjs.org/picomatch 426ms (cache miss)
299 timing idealTree:node_modules/chokidar Completed in 451ms
300 silly placeDep ROOT picomatch@2.3.2 OK for: anymatch@3.1.3 want: ^2.0.4
301 timing idealTree:node_modules/anymatch Completed in 3ms
302 silly placeDep ROOT fill-range@7.1.1 OK for: braces@3.0.3 want: ^7.1.1
303 silly fetch manifest to-regex-range@^5.0.1
304 http fetch GET 200 https://registry.npmjs.org/to-regex-range 340ms (cache miss)
305 timing idealTree:node_modules/braces Completed in 353ms
306 silly placeDep ROOT to-regex-range@5.0.1 OK for: fill-range@7.1.1 want: ^5.0.1
307 silly fetch manifest is-number@^7.0.0
308 http fetch GET 200 https://registry.npmjs.org/is-number 334ms (cache miss)
309 timing idealTree:node_modules/fill-range Completed in 355ms
310 timing idealTree:node_modules/fsevents Completed in 0ms
311 timing idealTree:node_modules/glob-parent Completed in 0ms
312 timing idealTree:node_modules/ignore-by-default Completed in 0ms
313 silly placeDep ROOT binary-extensions@2.3.0 OK for: is-binary-path@2.1.0 want: ^2.0.0
314 timing idealTree:node_modules/is-binary-path Completed in 8ms
315 timing idealTree:node_modules/binary-extensions Completed in 0ms
316 silly placeDep ROOT is-extglob@2.1.1 OK for: is-glob@4.0.3 want: ^2.1.1
317 timing idealTree:node_modules/is-glob Completed in 6ms
318 timing idealTree:node_modules/is-extglob Completed in 0ms
319 silly placeDep ROOT brace-expansion@5.0.8 OK for: minimatch@10.2.6 want: ^5.0.8
320 silly fetch manifest balanced-match@^4.0.2
321 http fetch GET 200 https://registry.npmjs.org/balanced-match 336ms (cache miss)
322 timing idealTree:node_modules/minimatch Completed in 357ms
323 silly placeDep ROOT balanced-match@4.0.4 OK for: brace-expansion@5.0.8 want: ^4.0.2
324 timing idealTree:node_modules/brace-expansion Completed in 8ms
325 timing idealTree:node_modules/balanced-match Completed in 0ms
326 timing idealTree:node_modules/normalize-path Completed in 0ms
327 timing idealTree:node_modules/object-assign Completed in 0ms
328 silly placeDep ROOT ee-first@1.1.1 OK for: on-finished@2.4.1 want: 1.1.1
329 timing idealTree:node_modules/on-finished Completed in 4ms
330 timing idealTree:node_modules/ee-first Completed in 0ms
331 timing idealTree:node_modules/parseurl Completed in 0ms
332 timing idealTree:node_modules/path-to-regexp Completed in 0ms
333 timing idealTree:node_modules/picomatch Completed in 0ms
334 silly placeDep ROOT forwarded@0.2.0 OK for: proxy-addr@2.0.7 want: 0.2.0
335 silly placeDep ROOT ipaddr.js@1.9.1 OK for: proxy-addr@2.0.7 want: 1.9.1
336 timing idealTree:node_modules/proxy-addr Completed in 6ms
337 timing idealTree:node_modules/forwarded Completed in 0ms
338 timing idealTree:node_modules/ipaddr.js Completed in 0ms
339 timing idealTree:node_modules/pstree.remy Completed in 0ms
340 silly placeDep ROOT es-define-property@1.0.1 OK for: qs@6.15.3 want: ^1.0.1
341 silly placeDep ROOT side-channel@1.1.1 OK for: qs@6.15.3 want: ^1.1.1
342 silly fetch manifest es-errors@^1.3.0
343 silly fetch manifest object-inspect@^1.13.4
344 silly fetch manifest side-channel-list@^1.0.1
345 silly fetch manifest side-channel-map@^1.0.1
346 silly fetch manifest side-channel-weakmap@^1.0.2
347 http fetch GET 200 https://registry.npmjs.org/es-errors 325ms (cache miss)
348 http fetch GET 200 https://registry.npmjs.org/object-inspect 353ms (cache miss)
349 http fetch GET 200 https://registry.npmjs.org/side-channel-weakmap 354ms (cache miss)
350 http fetch GET 200 https://registry.npmjs.org/side-channel-list 381ms (cache miss)
351 http fetch GET 200 https://registry.npmjs.org/side-channel-map 601ms (cache miss)
352 timing idealTree:node_modules/qs Completed in 617ms
353 timing idealTree:node_modules/es-define-property Completed in 0ms
354 timing idealTree:node_modules/range-parser Completed in 1ms
355 timing idealTree:node_modules/raw-body Completed in 0ms
356 timing idealTree:node_modules/readdirp Completed in 0ms
357 timing idealTree:node_modules/safe-buffer Completed in 0ms
358 timing idealTree:node_modules/safer-buffer Completed in 0ms
359 timing idealTree:node_modules/semver Completed in 0ms
360 silly placeDep ROOT mime@1.6.0 OK for: send@0.19.2 want: 1.6.0
361 silly placeDep node_modules/send ms@2.1.3 OK for: send@0.19.2 want: 2.1.3
362 timing idealTree:node_modules/send Completed in 10ms
363 timing idealTree:node_modules/mime Completed in 0ms
364 timing idealTree:node_modules/serve-static Completed in 0ms
365 timing idealTree:node_modules/setprototypeof Completed in 0ms
366 silly placeDep ROOT es-errors@1.3.0 OK for: side-channel@1.1.1 want: ^1.3.0
367 silly placeDep ROOT object-inspect@1.13.4 OK for: side-channel@1.1.1 want: ^1.13.4
368 silly placeDep ROOT side-channel-list@1.0.1 OK for: side-channel@1.1.1 want: ^1.0.1
369 silly placeDep ROOT side-channel-map@1.0.1 OK for: side-channel@1.1.1 want: ^1.0.1
370 silly placeDep ROOT side-channel-weakmap@1.0.2 OK for: side-channel@1.1.1 want: ^1.0.2
371 silly fetch manifest call-bound@^1.0.2
372 silly fetch manifest get-intrinsic@^1.2.5
373 http fetch GET 200 https://registry.npmjs.org/call-bound 351ms (cache miss)
374 http fetch GET 200 https://registry.npmjs.org/get-intrinsic 378ms (cache miss)
375 timing idealTree:node_modules/side-channel Completed in 406ms
376 timing idealTree:node_modules/es-errors Completed in 0ms
377 timing idealTree:node_modules/object-inspect Completed in 0ms
378 timing idealTree:node_modules/side-channel-list Completed in 0ms
379 silly placeDep ROOT call-bound@1.0.4 OK for: side-channel-map@1.0.1 want: ^1.0.2
380 silly placeDep ROOT get-intrinsic@1.3.0 OK for: side-channel-map@1.0.1 want: ^1.2.5
381 silly fetch manifest call-bind-apply-helpers@^1.0.2
382 silly fetch manifest gopd@^1.2.0
383 silly fetch manifest hasown@^2.0.2
384 silly fetch manifest get-proto@^1.0.1
385 silly fetch manifest has-symbols@^1.1.0
386 silly fetch manifest function-bind@^1.1.2
387 silly fetch manifest es-object-atoms@^1.1.1
388 silly fetch manifest math-intrinsics@^1.1.0
389 http fetch GET 200 https://registry.npmjs.org/math-intrinsics 359ms (cache miss)
390 http fetch GET 200 https://registry.npmjs.org/hasown 388ms (cache miss)
391 http fetch GET 200 https://registry.npmjs.org/has-symbols 385ms (cache miss)
392 http fetch GET 200 https://registry.npmjs.org/call-bind-apply-helpers 404ms (cache miss)
393 http fetch GET 200 https://registry.npmjs.org/gopd 403ms (cache miss)
394 http fetch GET 200 https://registry.npmjs.org/function-bind 404ms (cache miss)
395 http fetch GET 200 https://registry.npmjs.org/es-object-atoms 406ms (cache miss)
396 http fetch GET 200 https://registry.npmjs.org/get-proto 583ms (cache miss)
397 timing idealTree:node_modules/side-channel-map Completed in 613ms
398 silly placeDep ROOT call-bind-apply-helpers@1.0.2 OK for: call-bound@1.0.4 want: ^1.0.2
399 timing idealTree:node_modules/call-bound Completed in 20ms
400 silly placeDep ROOT function-bind@1.1.2 OK for: call-bind-apply-helpers@1.0.2 want: ^1.1.2
401 timing idealTree:node_modules/call-bind-apply-helpers Completed in 15ms
402 timing idealTree:node_modules/function-bind Completed in 0ms
403 silly placeDep ROOT es-object-atoms@1.1.2 OK for: get-intrinsic@1.3.0 want: ^1.1.1
404 silly placeDep ROOT get-proto@1.0.1 OK for: get-intrinsic@1.3.0 want: ^1.0.1
405 silly placeDep ROOT gopd@1.2.0 OK for: get-intrinsic@1.3.0 want: ^1.2.0
406 silly placeDep ROOT has-symbols@1.1.0 OK for: get-intrinsic@1.3.0 want: ^1.1.0
407 silly placeDep ROOT hasown@2.0.4 OK for: get-intrinsic@1.3.0 want: ^2.0.2
408 silly placeDep ROOT math-intrinsics@1.1.0 OK for: get-intrinsic@1.3.0 want: ^1.1.0
409 silly fetch manifest dunder-proto@^1.0.1
410 http fetch GET 200 https://registry.npmjs.org/dunder-proto 340ms (cache miss)
411 timing idealTree:node_modules/get-intrinsic Completed in 367ms
412 timing idealTree:node_modules/es-object-atoms Completed in 1ms
413 silly placeDep ROOT dunder-proto@1.0.1 OK for: get-proto@1.0.1 want: ^1.0.1
414 timing idealTree:node_modules/get-proto Completed in 7ms
415 timing idealTree:node_modules/dunder-proto Completed in 0ms
416 timing idealTree:node_modules/gopd Completed in 0ms
417 timing idealTree:node_modules/has-symbols Completed in 0ms
418 timing idealTree:node_modules/hasown Completed in 0ms
419 timing idealTree:node_modules/math-intrinsics Completed in 0ms
420 timing idealTree:node_modules/side-channel-weakmap Completed in 0ms
421 timing idealTree:node_modules/simple-update-notifier Completed in 0ms
422 timing idealTree:node_modules/statuses Completed in 0ms
423 silly placeDep ROOT has-flag@3.0.0 OK for: supports-color@5.5.0 want: ^3.0.0
424 timing idealTree:node_modules/supports-color Completed in 2ms
425 timing idealTree:node_modules/has-flag Completed in 0ms
426 silly placeDep ROOT is-number@7.0.0 OK for: to-regex-range@5.0.1 want: ^7.0.0
427 timing idealTree:node_modules/to-regex-range Completed in 2ms
428 timing idealTree:node_modules/is-number Completed in 0ms
429 timing idealTree:node_modules/toidentifier Completed in 0ms
430 timing idealTree:node_modules/touch Completed in 0ms
431 silly placeDep ROOT media-typer@0.3.0 OK for: type-is@1.6.18 want: 0.3.0
432 timing idealTree:node_modules/type-is Completed in 1ms
433 timing idealTree:node_modules/media-typer Completed in 0ms
434 timing idealTree:node_modules/undefsafe Completed in 0ms
435 timing idealTree:node_modules/unpipe Completed in 0ms
436 timing idealTree:node_modules/utils-merge Completed in 0ms
437 timing idealTree:node_modules/vary Completed in 0ms
438 silly placeDep node_modules/nodemon ms@2.1.3 OK for: debug@4.4.3 want: ^2.1.3
439 timing idealTree:node_modules/nodemon/node_modules/debug Completed in 4ms
440 timing idealTree:node_modules/nodemon/node_modules/ms Completed in 0ms
441 timing idealTree:node_modules/send/node_modules/ms Completed in 0ms
442 timing idealTree:buildDeps Completed in 8085ms
443 timing idealTree:fixDepFlags Completed in 2ms
444 warn EBADENGINE Unsupported engine {
444 warn EBADENGINE   package: 'brace-expansion@5.0.8',
444 warn EBADENGINE   required: { node: '20 || >=22' },
444 warn EBADENGINE   current: { node: 'v18.19.1', npm: '9.2.0' }
444 warn EBADENGINE }
445 timing idealTree Completed in 8127ms
446 timing reify:loadTrees Completed in 8131ms
447 timing reify:diffTrees Completed in 8ms
448 silly reify moves {}
449 timing reify:retireShallow Completed in 1ms
450 timing reify:createSparse Completed in 24ms
451 timing reify:loadBundles Completed in 0ms
452 silly audit bulk request {
452 silly audit   cors: [ '2.8.6' ],
452 silly audit   express: [ '4.22.2' ],
452 silly audit   nodemon: [ '3.1.14' ],
452 silly audit   'object-assign': [ '4.1.1' ],
452 silly audit   vary: [ '1.1.2' ],
452 silly audit   accepts: [ '1.3.8' ],
452 silly audit   'array-flatten': [ '1.1.1' ],
452 silly audit   'body-parser': [ '1.20.6' ],
452 silly audit   'content-disposition': [ '0.5.4' ],
452 silly audit   'content-type': [ '1.0.5' ],
452 silly audit   cookie: [ '0.7.2' ],
452 silly audit   'cookie-signature': [ '1.0.7' ],
452 silly audit   debug: [ '2.6.9', '4.4.3' ],
452 silly audit   depd: [ '2.0.0' ],
452 silly audit   encodeurl: [ '2.0.0' ],
452 silly audit   'escape-html': [ '1.0.3' ],
452 silly audit   etag: [ '1.8.1' ],
452 silly audit   finalhandler: [ '1.3.2' ],
452 silly audit   fresh: [ '0.5.2' ],
452 silly audit   'http-errors': [ '2.0.1' ],
452 silly audit   'merge-descriptors': [ '1.0.3' ],
452 silly audit   methods: [ '1.1.2' ],
452 silly audit   'on-finished': [ '2.4.1' ],
452 silly audit   parseurl: [ '1.3.3' ],
452 silly audit   'path-to-regexp': [ '0.1.13' ],
452 silly audit   'proxy-addr': [ '2.0.7' ],
452 silly audit   qs: [ '6.15.3' ],
452 silly audit   'range-parser': [ '1.2.1' ],
452 silly audit   'safe-buffer': [ '5.2.1' ],
452 silly audit   send: [ '0.19.2' ],
452 silly audit   'serve-static': [ '1.16.3' ],
452 silly audit   setprototypeof: [ '1.2.0' ],
452 silly audit   statuses: [ '2.0.2' ],
452 silly audit   'type-is': [ '1.6.18' ],
452 silly audit   'utils-merge': [ '1.0.1' ],
452 silly audit   'mime-types': [ '2.1.35' ],
452 silly audit   negotiator: [ '0.6.3' ],
452 silly audit   bytes: [ '3.1.2' ],
452 silly audit   destroy: [ '1.2.0' ],
452 silly audit   'iconv-lite': [ '0.4.24' ],
452 silly audit   'raw-body': [ '2.5.3' ],
452 silly audit   unpipe: [ '1.0.0' ],
452 silly audit   ms: [ '2.0.0', '2.1.3' ],
452 silly audit   inherits: [ '2.0.4' ],
452 silly audit   toidentifier: [ '1.0.1' ],
452 silly audit   'safer-buffer': [ '2.1.2' ],
452 silly audit   'mime-db': [ '1.52.0' ],
452 silly audit   chokidar: [ '3.6.0' ],
452 silly audit   'ignore-by-default': [ '1.0.1' ],
452 silly audit   minimatch: [ '10.2.6' ],
452 silly audit   'pstree.remy': [ '1.1.8' ],
452 silly audit   semver: [ '7.8.5' ],
452 silly audit   'simple-update-notifier': [ '2.0.0' ],
452 silly audit   'supports-color': [ '5.5.0' ],
452 silly audit   touch: [ '3.1.1' ],
452 silly audit   undefsafe: [ '2.0.5' ],
452 silly audit   anymatch: [ '3.1.3' ],
452 silly audit   braces: [ '3.0.3' ],
452 silly audit   fsevents: [ '2.3.3' ],
452 silly audit   'glob-parent': [ '5.1.2' ],
452 silly audit   'is-binary-path': [ '2.1.0' ],
452 silly audit   'is-glob': [ '4.0.3' ],
452 silly audit   'normalize-path': [ '3.0.0' ],
452 silly audit   readdirp: [ '3.6.0' ],
452 silly audit   picomatch: [ '2.3.2' ],
452 silly audit   'fill-range': [ '7.1.1' ],
452 silly audit   'to-regex-range': [ '5.0.1' ],
452 silly audit   'binary-extensions': [ '2.3.0' ],
452 silly audit   'is-extglob': [ '2.1.1' ],
452 silly audit   'brace-expansion': [ '5.0.8' ],
452 silly audit   'balanced-match': [ '4.0.4' ],
452 silly audit   'ee-first': [ '1.1.1' ],
452 silly audit   forwarded: [ '0.2.0' ],
452 silly audit   'ipaddr.js': [ '1.9.1' ],
452 silly audit   'es-define-property': [ '1.0.1' ],
452 silly audit   'side-channel': [ '1.1.1' ],
452 silly audit   mime: [ '1.6.0' ],
452 silly audit   'es-errors': [ '1.3.0' ],
452 silly audit   'object-inspect': [ '1.13.4' ],
452 silly audit   'side-channel-list': [ '1.0.1' ],
452 silly audit   'side-channel-map': [ '1.0.1' ],
452 silly audit   'side-channel-weakmap': [ '1.0.2' ],
452 silly audit   'call-bound': [ '1.0.4' ],
452 silly audit   'get-intrinsic': [ '1.3.0' ],
452 silly audit   'call-bind-apply-helpers': [ '1.0.2' ],
452 silly audit   'function-bind': [ '1.1.2' ],
452 silly audit   'es-object-atoms': [ '1.1.2' ],
452 silly audit   'get-proto': [ '1.0.1' ],
452 silly audit   gopd: [ '1.2.0' ],
452 silly audit   'has-symbols': [ '1.1.0' ],
452 silly audit   hasown: [ '2.0.4' ],
452 silly audit   'math-intrinsics': [ '1.1.0' ],
452 silly audit   'dunder-proto': [ '1.0.1' ],
452 silly audit   'has-flag': [ '3.0.0' ],
452 silly audit   'is-number': [ '7.0.0' ],
452 silly audit   'media-typer': [ '0.3.0' ]
452 silly audit }
453 verbose reify failed optional dependency /home/devluca/bot-achadinhos/node_modules/fsevents
454 silly reify mark deleted [ '/home/devluca/bot-achadinhos/node_modules/fsevents' ]
455 timing reifyNode:node_modules/fsevents Completed in 38ms
456 silly tarball no local data for media-typer@https://registry.npmjs.org/media-typer/-/media-typer-0.3.0.tgz. Extracting by manifest.
457 silly tarball no local data for is-number@https://registry.npmjs.org/is-number/-/is-number-7.0.0.tgz. Extracting by manifest.
458 silly tarball no local data for has-flag@https://registry.npmjs.org/has-flag/-/has-flag-3.0.0.tgz. Extracting by manifest.
459 silly tarball no local data for dunder-proto@https://registry.npmjs.org/dunder-proto/-/dunder-proto-1.0.1.tgz. Extracting by manifest.
460 silly tarball no local data for math-intrinsics@https://registry.npmjs.org/math-intrinsics/-/math-intrinsics-1.1.0.tgz. Extracting by manifest.
461 silly tarball no local data for hasown@https://registry.npmjs.org/hasown/-/hasown-2.0.4.tgz. Extracting by manifest.
462 silly tarball no local data for has-symbols@https://registry.npmjs.org/has-symbols/-/has-symbols-1.1.0.tgz. Extracting by manifest.
463 silly tarball no local data for gopd@https://registry.npmjs.org/gopd/-/gopd-1.2.0.tgz. Extracting by manifest.
464 silly tarball no local data for get-proto@https://registry.npmjs.org/get-proto/-/get-proto-1.0.1.tgz. Extracting by manifest.
465 silly tarball no local data for es-object-atoms@https://registry.npmjs.org/es-object-atoms/-/es-object-atoms-1.1.2.tgz. Extracting by manifest.
466 silly tarball no local data for function-bind@https://registry.npmjs.org/function-bind/-/function-bind-1.1.2.tgz. Extracting by manifest.
467 silly tarball no local data for call-bind-apply-helpers@https://registry.npmjs.org/call-bind-apply-helpers/-/call-bind-apply-helpers-1.0.2.tgz. Extracting by manifest.
468 silly tarball no local data for get-intrinsic@https://registry.npmjs.org/get-intrinsic/-/get-intrinsic-1.3.0.tgz. Extracting by manifest.
469 silly tarball no local data for call-bound@https://registry.npmjs.org/call-bound/-/call-bound-1.0.4.tgz. Extracting by manifest.
470 silly tarball no local data for side-channel-weakmap@https://registry.npmjs.org/side-channel-weakmap/-/side-channel-weakmap-1.0.2.tgz. Extracting by manifest.
471 silly tarball no local data for side-channel-map@https://registry.npmjs.org/side-channel-map/-/side-channel-map-1.0.1.tgz. Extracting by manifest.
472 silly tarball no local data for side-channel-list@https://registry.npmjs.org/side-channel-list/-/side-channel-list-1.0.1.tgz. Extracting by manifest.
473 silly tarball no local data for object-inspect@https://registry.npmjs.org/object-inspect/-/object-inspect-1.13.4.tgz. Extracting by manifest.
474 silly tarball no local data for es-errors@https://registry.npmjs.org/es-errors/-/es-errors-1.3.0.tgz. Extracting by manifest.
475 silly tarball no local data for mime@https://registry.npmjs.org/mime/-/mime-1.6.0.tgz. Extracting by manifest.
476 silly tarball no local data for side-channel@https://registry.npmjs.org/side-channel/-/side-channel-1.1.1.tgz. Extracting by manifest.
477 silly tarball no local data for es-define-property@https://registry.npmjs.org/es-define-property/-/es-define-property-1.0.1.tgz. Extracting by manifest.
478 silly tarball no local data for ipaddr.js@https://registry.npmjs.org/ipaddr.js/-/ipaddr.js-1.9.1.tgz. Extracting by manifest.
479 silly tarball no local data for forwarded@https://registry.npmjs.org/forwarded/-/forwarded-0.2.0.tgz. Extracting by manifest.
480 silly tarball no local data for ee-first@https://registry.npmjs.org/ee-first/-/ee-first-1.1.1.tgz. Extracting by manifest.
481 silly tarball no local data for balanced-match@https://registry.npmjs.org/balanced-match/-/balanced-match-4.0.4.tgz. Extracting by manifest.
482 silly tarball no local data for brace-expansion@https://registry.npmjs.org/brace-expansion/-/brace-expansion-5.0.8.tgz. Extracting by manifest.
483 silly tarball no local data for is-extglob@https://registry.npmjs.org/is-extglob/-/is-extglob-2.1.1.tgz. Extracting by manifest.
484 silly tarball no local data for binary-extensions@https://registry.npmjs.org/binary-extensions/-/binary-extensions-2.3.0.tgz. Extracting by manifest.
485 silly tarball no local data for to-regex-range@https://registry.npmjs.org/to-regex-range/-/to-regex-range-5.0.1.tgz. Extracting by manifest.
486 silly tarball no local data for fill-range@https://registry.npmjs.org/fill-range/-/fill-range-7.1.1.tgz. Extracting by manifest.
487 silly tarball no local data for picomatch@https://registry.npmjs.org/picomatch/-/picomatch-2.3.2.tgz. Extracting by manifest.
488 silly tarball no local data for readdirp@https://registry.npmjs.org/readdirp/-/readdirp-3.6.0.tgz. Extracting by manifest.
489 silly tarball no local data for normalize-path@https://registry.npmjs.org/normalize-path/-/normalize-path-3.0.0.tgz. Extracting by manifest.
490 silly tarball no local data for is-glob@https://registry.npmjs.org/is-glob/-/is-glob-4.0.3.tgz. Extracting by manifest.
491 silly tarball no local data for is-binary-path@https://registry.npmjs.org/is-binary-path/-/is-binary-path-2.1.0.tgz. Extracting by manifest.
492 silly tarball no local data for glob-parent@https://registry.npmjs.org/glob-parent/-/glob-parent-5.1.2.tgz. Extracting by manifest.
493 silly tarball no local data for braces@https://registry.npmjs.org/braces/-/braces-3.0.3.tgz. Extracting by manifest.
494 silly tarball no local data for anymatch@https://registry.npmjs.org/anymatch/-/anymatch-3.1.3.tgz. Extracting by manifest.
495 silly tarball no local data for undefsafe@https://registry.npmjs.org/undefsafe/-/undefsafe-2.0.5.tgz. Extracting by manifest.
496 silly tarball no local data for touch@https://registry.npmjs.org/touch/-/touch-3.1.1.tgz. Extracting by manifest.
497 silly tarball no local data for supports-color@https://registry.npmjs.org/supports-color/-/supports-color-5.5.0.tgz. Extracting by manifest.
498 silly tarball no local data for simple-update-notifier@https://registry.npmjs.org/simple-update-notifier/-/simple-update-notifier-2.0.0.tgz. Extracting by manifest.
499 silly tarball no local data for semver@https://registry.npmjs.org/semver/-/semver-7.8.5.tgz. Extracting by manifest.
500 silly tarball no local data for pstree.remy@https://registry.npmjs.org/pstree.remy/-/pstree.remy-1.1.8.tgz. Extracting by manifest.
501 silly tarball no local data for minimatch@https://registry.npmjs.org/minimatch/-/minimatch-10.2.6.tgz. Extracting by manifest.
502 silly tarball no local data for ignore-by-default@https://registry.npmjs.org/ignore-by-default/-/ignore-by-default-1.0.1.tgz. Extracting by manifest.
503 silly tarball no local data for mime-db@https://registry.npmjs.org/mime-db/-/mime-db-1.52.0.tgz. Extracting by manifest.
504 silly tarball no local data for chokidar@https://registry.npmjs.org/chokidar/-/chokidar-3.6.0.tgz. Extracting by manifest.
505 silly tarball no local data for safer-buffer@https://registry.npmjs.org/safer-buffer/-/safer-buffer-2.1.2.tgz. Extracting by manifest.
506 silly tarball no local data for toidentifier@https://registry.npmjs.org/toidentifier/-/toidentifier-1.0.1.tgz. Extracting by manifest.
507 silly tarball no local data for inherits@https://registry.npmjs.org/inherits/-/inherits-2.0.4.tgz. Extracting by manifest.
508 silly tarball no local data for ms@https://registry.npmjs.org/ms/-/ms-2.0.0.tgz. Extracting by manifest.
509 silly tarball no local data for unpipe@https://registry.npmjs.org/unpipe/-/unpipe-1.0.0.tgz. Extracting by manifest.
510 silly tarball no local data for raw-body@https://registry.npmjs.org/raw-body/-/raw-body-2.5.3.tgz. Extracting by manifest.
511 silly tarball no local data for iconv-lite@https://registry.npmjs.org/iconv-lite/-/iconv-lite-0.4.24.tgz. Extracting by manifest.
512 silly tarball no local data for destroy@https://registry.npmjs.org/destroy/-/destroy-1.2.0.tgz. Extracting by manifest.
513 silly tarball no local data for bytes@https://registry.npmjs.org/bytes/-/bytes-3.1.2.tgz. Extracting by manifest.
514 silly tarball no local data for negotiator@https://registry.npmjs.org/negotiator/-/negotiator-0.6.3.tgz. Extracting by manifest.
515 silly tarball no local data for mime-types@https://registry.npmjs.org/mime-types/-/mime-types-2.1.35.tgz. Extracting by manifest.
516 silly tarball no local data for utils-merge@https://registry.npmjs.org/utils-merge/-/utils-merge-1.0.1.tgz. Extracting by manifest.
517 silly tarball no local data for type-is@https://registry.npmjs.org/type-is/-/type-is-1.6.18.tgz. Extracting by manifest.
518 silly tarball no local data for statuses@https://registry.npmjs.org/statuses/-/statuses-2.0.2.tgz. Extracting by manifest.
519 silly tarball no local data for setprototypeof@https://registry.npmjs.org/setprototypeof/-/setprototypeof-1.2.0.tgz. Extracting by manifest.
520 silly tarball no local data for serve-static@https://registry.npmjs.org/serve-static/-/serve-static-1.16.3.tgz. Extracting by manifest.
521 silly tarball no local data for send@https://registry.npmjs.org/send/-/send-0.19.2.tgz. Extracting by manifest.
522 silly tarball no local data for safe-buffer@https://registry.npmjs.org/safe-buffer/-/safe-buffer-5.2.1.tgz. Extracting by manifest.
523 silly tarball no local data for qs@https://registry.npmjs.org/qs/-/qs-6.15.3.tgz. Extracting by manifest.
524 silly tarball no local data for range-parser@https://registry.npmjs.org/range-parser/-/range-parser-1.2.1.tgz. Extracting by manifest.
525 silly tarball no local data for path-to-regexp@https://registry.npmjs.org/path-to-regexp/-/path-to-regexp-0.1.13.tgz. Extracting by manifest.
526 silly tarball no local data for proxy-addr@https://registry.npmjs.org/proxy-addr/-/proxy-addr-2.0.7.tgz. Extracting by manifest.
527 silly tarball no local data for parseurl@https://registry.npmjs.org/parseurl/-/parseurl-1.3.3.tgz. Extracting by manifest.
528 silly tarball no local data for on-finished@https://registry.npmjs.org/on-finished/-/on-finished-2.4.1.tgz. Extracting by manifest.
529 silly tarball no local data for methods@https://registry.npmjs.org/methods/-/methods-1.1.2.tgz. Extracting by manifest.
530 silly tarball no local data for merge-descriptors@https://registry.npmjs.org/merge-descriptors/-/merge-descriptors-1.0.3.tgz. Extracting by manifest.
531 silly tarball no local data for http-errors@https://registry.npmjs.org/http-errors/-/http-errors-2.0.1.tgz. Extracting by manifest.
532 silly tarball no local data for fresh@https://registry.npmjs.org/fresh/-/fresh-0.5.2.tgz. Extracting by manifest.
533 silly tarball no local data for finalhandler@https://registry.npmjs.org/finalhandler/-/finalhandler-1.3.2.tgz. Extracting by manifest.
534 silly tarball no local data for etag@https://registry.npmjs.org/etag/-/etag-1.8.1.tgz. Extracting by manifest.
535 silly tarball no local data for escape-html@https://registry.npmjs.org/escape-html/-/escape-html-1.0.3.tgz. Extracting by manifest.
536 silly tarball no local data for encodeurl@https://registry.npmjs.org/encodeurl/-/encodeurl-2.0.0.tgz. Extracting by manifest.
537 silly tarball no local data for depd@https://registry.npmjs.org/depd/-/depd-2.0.0.tgz. Extracting by manifest.
538 silly tarball no local data for debug@https://registry.npmjs.org/debug/-/debug-2.6.9.tgz. Extracting by manifest.
539 silly tarball no local data for cookie-signature@https://registry.npmjs.org/cookie-signature/-/cookie-signature-1.0.7.tgz. Extracting by manifest.
540 silly tarball no local data for cookie@https://registry.npmjs.org/cookie/-/cookie-0.7.2.tgz. Extracting by manifest.
541 silly tarball no local data for content-type@https://registry.npmjs.org/content-type/-/content-type-1.0.5.tgz. Extracting by manifest.
542 silly tarball no local data for body-parser@https://registry.npmjs.org/body-parser/-/body-parser-1.20.6.tgz. Extracting by manifest.
543 silly tarball no local data for array-flatten@https://registry.npmjs.org/array-flatten/-/array-flatten-1.1.1.tgz. Extracting by manifest.
544 silly tarball no local data for accepts@https://registry.npmjs.org/accepts/-/accepts-1.3.8.tgz. Extracting by manifest.
545 silly tarball no local data for vary@https://registry.npmjs.org/vary/-/vary-1.1.2.tgz. Extracting by manifest.
546 silly tarball no local data for object-assign@https://registry.npmjs.org/object-assign/-/object-assign-4.1.1.tgz. Extracting by manifest.
547 silly tarball no local data for nodemon@https://registry.npmjs.org/nodemon/-/nodemon-3.1.14.tgz. Extracting by manifest.
548 silly tarball no local data for express@https://registry.npmjs.org/express/-/express-4.22.2.tgz. Extracting by manifest.
549 silly tarball no local data for cors@https://registry.npmjs.org/cors/-/cors-2.8.6.tgz. Extracting by manifest.
550 silly tarball no local data for ms@https://registry.npmjs.org/ms/-/ms-2.1.3.tgz. Extracting by manifest.
551 silly tarball no local data for ms@https://registry.npmjs.org/ms/-/ms-2.1.3.tgz. Extracting by manifest.
552 silly tarball no local data for content-disposition@https://registry.npmjs.org/content-disposition/-/content-disposition-0.5.4.tgz. Extracting by manifest.
553 silly tarball no local data for debug@https://registry.npmjs.org/debug/-/debug-4.4.3.tgz. Extracting by manifest.
554 http fetch POST 200 https://registry.npmjs.org/-/npm/v1/security/advisories/bulk 1540ms
555 timing auditReport:getReport Completed in 1548ms
556 silly audit report {}
557 timing auditReport:init Completed in 0ms
558 timing reify:audit Completed in 1550ms
559 warn tar TAR_ENTRY_ERROR EINVAL: invalid argument, fchown
560 silly tar TAR_ENTRY_ERROR EINVAL: invalid argument, fchown [Error: EINVAL: invalid argument, fchown] {
560 silly tar   errno: -22,
560 silly tar   code: 'EINVAL',
560 silly tar   syscall: 'fchown',
560 silly tar   entry: ReadEntry {
560 silly tar     _events: [Object: null prototype] {},
560 silly tar     _eventsCount: 0,
560 silly tar     _maxListeners: undefined,
560 silly tar     pipes: [ [Pipe] ],
560 silly tar     buffer: [],
560 silly tar     writable: false,
560 silly tar     readable: false,
560 silly tar     extended: null,
560 silly tar     globalExtended: null,
560 silly tar     header: Header {
560 silly tar       cksumValid: true,
560 silly tar       needPax: false,
560 silly tar       nullBlock: false,
560 silly tar       block: null,
560 silly tar       path: 'package/package.json',
560 silly tar       mode: 420,
560 silly tar       uid: 501,
560 silly tar       gid: 20,
560 silly tar       size: 710,
560 silly tar       mtime: 2018-01-02T19:21:47.000Z,
560 silly tar       cksum: 5652,
560 silly tar       linkpath: '',
560 silly tar       uname: '',
560 silly tar       gname: '',
560 silly tar       devmaj: 0,
560 silly tar       devmin: 0,
560 silly tar       atime: null,
560 silly tar       ctime: null,
560 silly tar       [Symbol(type)]: '0'
560 silly tar     },
560 silly tar     startBlockSize: 1024,
560 silly tar     blockRemain: 0,
560 silly tar     remain: 0,
560 silly tar     type: 'File',
560 silly tar     meta: false,
560 silly tar     ignore: false,
560 silly tar     path: 'package.json',
560 silly tar     mode: 438,
560 silly tar     uid: 501,
560 silly tar     gid: 20,
560 silly tar     uname: '',
560 silly tar     gname: '',
560 silly tar     size: 710,
560 silly tar     mtime: 2018-01-02T19:21:47.000Z,
560 silly tar     atime: null,
560 silly tar     ctime: null,
560 silly tar     linkpath: '',
560 silly tar     absolute: '/home/devluca/bot-achadinhos/node_modules/has-flag/package.json',
560 silly tar     [Symbol(kCapture)]: false,
560 silly tar     [Symbol(flowing)]: true,
560 silly tar     [Symbol(paused)]: false,
560 silly tar     [Symbol(objectMode)]: false,
560 silly tar     [Symbol(encoding)]: null,
560 silly tar     [Symbol(async)]: false,
560 silly tar     [Symbol(decoder)]: null,
560 silly tar     [Symbol(EOF)]: true,
560 silly tar     [Symbol(emittedEnd)]: true,
560 silly tar     [Symbol(emittingEnd)]: false,
560 silly tar     [Symbol(closed)]: false,
560 silly tar     [Symbol(emittedError)]: null,
560 silly tar     [Symbol(bufferLength)]: 0,
560 silly tar     [Symbol(destroyed)]: false
560 silly tar   },
560 silly tar   cwd: '/home/devluca/bot-achadinhos/node_modules/has-flag',
560 silly tar   tarCode: 'TAR_ENTRY_ERROR'
560 silly tar }
561 warn tar TAR_ENTRY_ERROR EINVAL: invalid argument, fchown
562 silly tar TAR_ENTRY_ERROR EINVAL: invalid argument, fchown [Error: EINVAL: invalid argument, fchown] {
562 silly tar   errno: -22,
562 silly tar   code: 'EINVAL',
562 silly tar   syscall: 'fchown',
562 silly tar   entry: ReadEntry {
562 silly tar     _events: [Object: null prototype] {},
562 silly tar     _eventsCount: 0,
562 silly tar     _maxListeners: undefined,
562 silly tar     pipes: [ [Pipe] ],
562 silly tar     buffer: [],
562 silly tar     writable: false,
562 silly tar     readable: false,
562 silly tar     extended: null,
562 silly tar     globalExtended: null,
562 silly tar     header: Header {
562 silly tar       cksumValid: true,
562 silly tar       needPax: false,
562 silly tar       nullBlock: false,
562 silly tar       block: null,
562 silly tar       path: 'package/package.json',
562 silly tar       mode: 420,
562 silly tar       uid: 501,
562 silly tar       gid: 20,
562 silly tar       size: 857,
562 silly tar       mtime: 2017-09-20T00:18:31.000Z,
562 silly tar       cksum: 5648,
562 silly tar       linkpath: '',
562 silly tar       uname: '',
562 silly tar       gname: '',
562 silly tar       devmaj: 0,
562 silly tar       devmin: 0,
562 silly tar       atime: null,
562 silly tar       ctime: null,
562 silly tar       [Symbol(type)]: '0'
562 silly tar     },
562 silly tar     startBlockSize: 1024,
562 silly tar     blockRemain: 0,
562 silly tar     remain: 0,
562 silly tar     type: 'File',
562 silly tar     meta: false,
562 silly tar     ignore: false,
562 silly tar     path: 'package.json',
562 silly tar     mode: 438,
562 silly tar     uid: 501,
562 silly tar     gid: 20,
562 silly tar     uname: '',
562 silly tar     gname: '',
562 silly tar     size: 857,
562 silly tar     mtime: 2017-09-20T00:18:31.000Z,
562 silly tar     atime: null,
562 silly tar     ctime: null,
562 silly tar     linkpath: '',
562 silly tar     absolute: '/home/devluca/bot-achadinhos/node_modules/utils-merge/package.json',
562 silly tar     [Symbol(kCapture)]: false,
562 silly tar     [Symbol(flowing)]: true,
562 silly tar     [Symbol(paused)]: false,
562 silly tar     [Symbol(objectMode)]: false,
562 silly tar     [Symbol(encoding)]: null,
562 silly tar     [Symbol(async)]: false,
562 silly tar     [Symbol(decoder)]: null,
562 silly tar     [Symbol(EOF)]: true,
562 silly tar     [Symbol(emittedEnd)]: true,
562 silly tar     [Symbol(emittingEnd)]: false,
562 silly tar     [Symbol(closed)]: false,
562 silly tar     [Symbol(emittedError)]: null,
562 silly tar     [Symbol(bufferLength)]: 0,
562 silly tar     [Symbol(destroyed)]: false
562 silly tar   },
562 silly tar   cwd: '/home/devluca/bot-achadinhos/node_modules/utils-merge',
562 silly tar   tarCode: 'TAR_ENTRY_ERROR'
562 silly tar }
563 warn tar TAR_ENTRY_ERROR EINVAL: invalid argument, fchown
564 silly tar TAR_ENTRY_ERROR EINVAL: invalid argument, fchown [Error: EINVAL: invalid argument, fchown] {
564 silly tar   errno: -22,
564 silly tar   code: 'EINVAL',
564 silly tar   syscall: 'fchown',
564 silly tar   entry: ReadEntry {
564 silly tar     _events: [Object: null prototype] {},
564 silly tar     _eventsCount: 0,
564 silly tar     _maxListeners: undefined,
564 silly tar     pipes: [ [Pipe] ],
564 silly tar     buffer: [],
564 silly tar     writable: false,
564 silly tar     readable: false,
564 silly tar     extended: null,
564 silly tar     globalExtended: null,
564 silly tar     header: Header {
564 silly tar       cksumValid: true,
564 silly tar       needPax: false,
564 silly tar       nullBlock: false,
564 silly tar       block: null,
564 silly tar       path: 'package/package.json',
564 silly tar       mode: 420,
564 silly tar       uid: 501,
564 silly tar       gid: 20,
564 silly tar       size: 775,
564 silly tar       mtime: 2016-02-26T14:48:36.000Z,
564 silly tar       cksum: 5654,
564 silly tar       linkpath: '',
564 silly tar       uname: '',
564 silly tar       gname: '',
564 silly tar       devmaj: 0,
564 silly tar       devmin: 0,
564 silly tar       atime: null,
564 silly tar       ctime: null,
564 silly tar       [Symbol(type)]: '0'
564 silly tar     },
564 silly tar     startBlockSize: 1024,
564 silly tar     blockRemain: 0,
564 silly tar     remain: 0,
564 silly tar     type: 'File',
564 silly tar     meta: false,
564 silly tar     ignore: false,
564 silly tar     path: 'package.json',
564 silly tar     mode: 438,
564 silly tar     uid: 501,
564 silly tar     gid: 20,
564 silly tar     uname: '',
564 silly tar     gname: '',
564 silly tar     size: 775,
564 silly tar     mtime: 2016-02-26T14:48:36.000Z,
564 silly tar     atime: null,
564 silly tar     ctime: null,
564 silly tar     linkpath: '',
564 silly tar     absolute: '/home/devluca/bot-achadinhos/node_modules/ignore-by-default/package.json',
564 silly tar     [Symbol(kCapture)]: false,
564 silly tar     [Symbol(flowing)]: true,
564 silly tar     [Symbol(paused)]: false,
564 silly tar     [Symbol(objectMode)]: false,
564 silly tar     [Symbol(encoding)]: null,
564 silly tar     [Symbol(async)]: false,
564 silly tar     [Symbol(decoder)]: null,
564 silly tar     [Symbol(EOF)]: true,
564 silly tar     [Symbol(emittedEnd)]: true,
564 silly tar     [Symbol(emittingEnd)]: false,
564 silly tar     [Symbol(closed)]: false,
564 silly tar     [Symbol(emittedError)]: null,
564 silly tar     [Symbol(bufferLength)]: 0,
564 silly tar     [Symbol(destroyed)]: false
564 silly tar   },
564 silly tar   cwd: '/home/devluca/bot-achadinhos/node_modules/ignore-by-default',
564 silly tar   tarCode: 'TAR_ENTRY_ERROR'
564 silly tar }
565 warn tar TAR_ENTRY_ERROR EINVAL: invalid argument, fchown
566 silly tar TAR_ENTRY_ERROR EINVAL: invalid argument, fchown [Error: EINVAL: invalid argument, fchown] {
566 silly tar   errno: -22,
566 silly tar   code: 'EINVAL',
566 silly tar   syscall: 'fchown',
566 silly tar   entry: ReadEntry {
566 silly tar     _events: [Object: null prototype] {},
566 silly tar     _eventsCount: 0,
566 silly tar     _maxListeners: undefined,
566 silly tar     pipes: [ [Pipe] ],
566 silly tar     buffer: [],
566 silly tar     writable: false,
566 silly tar     readable: false,
566 silly tar     extended: null,
566 silly tar     globalExtended: null,
566 silly tar     header: Header {
566 silly tar       cksumValid: true,
566 silly tar       needPax: false,
566 silly tar       nullBlock: false,
566 silly tar       block: null,
566 silly tar       path: 'package/package.json',
566 silly tar       mode: 420,
566 silly tar       uid: 501,
566 silly tar       gid: 20,
566 silly tar       size: 933,
566 silly tar       mtime: 2017-11-25T00:52:26.000Z,
566 silly tar       cksum: 5649,
566 silly tar       linkpath: '',
566 silly tar       uname: '',
566 silly tar       gname: '',
566 silly tar       devmaj: 0,
566 silly tar       devmin: 0,
566 silly tar       atime: null,
566 silly tar       ctime: null,
566 silly tar       [Symbol(type)]: '0'
566 silly tar     },
566 silly tar     startBlockSize: 1024,
566 silly tar     blockRemain: 0,
566 silly tar     remain: 0,
566 silly tar     type: 'File',
566 silly tar     meta: false,
566 silly tar     ignore: false,
566 silly tar     path: 'package.json',
566 silly tar     mode: 438,
566 silly tar     uid: 501,
566 silly tar     gid: 20,
566 silly tar     uname: '',
566 silly tar     gname: '',
566 silly tar     size: 933,
566 silly tar     mtime: 2017-11-25T00:52:26.000Z,
566 silly tar     atime: null,
566 silly tar     ctime: null,
566 silly tar     linkpath: '',
566 silly tar     absolute: '/home/devluca/bot-achadinhos/node_modules/mime/package.json',
566 silly tar     [Symbol(kCapture)]: false,
566 silly tar     [Symbol(flowing)]: true,
566 silly tar     [Symbol(paused)]: false,
566 silly tar     [Symbol(objectMode)]: false,
566 silly tar     [Symbol(encoding)]: null,
566 silly tar     [Symbol(async)]: false,
566 silly tar     [Symbol(decoder)]: null,
566 silly tar     [Symbol(EOF)]: true,
566 silly tar     [Symbol(emittedEnd)]: true,
566 silly tar     [Symbol(emittingEnd)]: false,
566 silly tar     [Symbol(closed)]: false,
566 silly tar     [Symbol(emittedError)]: null,
566 silly tar     [Symbol(bufferLength)]: 0,
566 silly tar     [Symbol(destroyed)]: false
566 silly tar   },
566 silly tar   cwd: '/home/devluca/bot-achadinhos/node_modules/mime',
566 silly tar   tarCode: 'TAR_ENTRY_ERROR'
566 silly tar }
567 warn tar TAR_ENTRY_ERROR EINVAL: invalid argument, fchown
568 silly tar TAR_ENTRY_ERROR EINVAL: invalid argument, fchown [Error: EINVAL: invalid argument, fchown] {
568 silly tar   errno: -22,
568 silly tar   code: 'EINVAL',
568 silly tar   syscall: 'fchown',
568 silly tar   entry: ReadEntry {
568 silly tar     _events: [Object: null prototype] {},
568 silly tar     _eventsCount: 0,
568 silly tar     _maxListeners: undefined,
568 silly tar     pipes: [ [Pipe] ],
568 silly tar     buffer: [],
568 silly tar     writable: false,
568 silly tar     readable: false,
568 silly tar     extended: null,
568 silly tar     globalExtended: null,
568 silly tar     header: Header {
568 silly tar       cksumValid: true,
568 silly tar       needPax: false,
568 silly tar       nullBlock: false,
568 silly tar       block: null,
568 silly tar       path: 'package/.npmignore',
568 silly tar       mode: 420,
568 silly tar       uid: 501,
568 silly tar       gid: 20,
568 silly tar       size: 0,
568 silly tar       mtime: 2017-11-25T00:17:40.000Z,
568 silly tar       cksum: 5450,
568 silly tar       linkpath: '',
568 silly tar       uname: '',
568 silly tar       gname: '',
568 silly tar       devmaj: 0,
568 silly tar       devmin: 0,
568 silly tar       atime: null,
568 silly tar       ctime: null,
568 silly tar       [Symbol(type)]: '0'
568 silly tar     },
568 silly tar     startBlockSize: 0,
568 silly tar     blockRemain: 0,
568 silly tar     remain: 0,
568 silly tar     type: 'File',
568 silly tar     meta: false,
568 silly tar     ignore: false,
568 silly tar     path: '.npmignore',
568 silly tar     mode: 438,
568 silly tar     uid: 501,
568 silly tar     gid: 20,
568 silly tar     uname: '',
568 silly tar     gname: '',
568 silly tar     size: 0,
568 silly tar     mtime: 2017-11-25T00:17:40.000Z,
568 silly tar     atime: null,
568 silly tar     ctime: null,
568 silly tar     linkpath: '',
568 silly tar     absolute: '/home/devluca/bot-achadinhos/node_modules/mime/.npmignore',
568 silly tar     [Symbol(kCapture)]: false,
568 silly tar     [Symbol(flowing)]: true,
568 silly tar     [Symbol(paused)]: false,
568 silly tar     [Symbol(objectMode)]: false,
568 silly tar     [Symbol(encoding)]: null,
568 silly tar     [Symbol(async)]: false,
568 silly tar     [Symbol(decoder)]: null,
568 silly tar     [Symbol(EOF)]: true,
568 silly tar     [Symbol(emittedEnd)]: true,
568 silly tar     [Symbol(emittingEnd)]: false,
568 silly tar     [Symbol(closed)]: false,
568 silly tar     [Symbol(emittedError)]: null,
568 silly tar     [Symbol(bufferLength)]: 0,
568 silly tar     [Symbol(destroyed)]: false
568 silly tar   },
568 silly tar   cwd: '/home/devluca/bot-achadinhos/node_modules/mime',
568 silly tar   tarCode: 'TAR_ENTRY_ERROR'
568 silly tar }
569 warn tar TAR_ENTRY_ERROR EINVAL: invalid argument, fchown
570 silly tar TAR_ENTRY_ERROR EINVAL: invalid argument, fchown [Error: EINVAL: invalid argument, fchown] {
570 silly tar   errno: -22,
570 silly tar   code: 'EINVAL',
570 silly tar   syscall: 'fchown',
570 silly tar   entry: ReadEntry {
570 silly tar     _events: [Object: null prototype] {},
570 silly tar     _eventsCount: 0,
570 silly tar     _maxListeners: undefined,
570 silly tar     pipes: [ [Pipe] ],
570 silly tar     buffer: [],
570 silly tar     writable: false,
570 silly tar     readable: false,
570 silly tar     extended: null,
570 silly tar     globalExtended: null,
570 silly tar     header: Header {
570 silly tar       cksumValid: true,
570 silly tar       needPax: false,
570 silly tar       nullBlock: false,
570 silly tar       block: null,
570 silly tar       path: 'package/index.js',
570 silly tar       mode: 420,
570 silly tar       uid: 501,
570 silly tar       gid: 20,
570 silly tar       size: 320,
570 silly tar       mtime: 2018-01-02T19:16:15.000Z,
570 silly tar       cksum: 5250,
570 silly tar       linkpath: '',
570 silly tar       uname: '',
570 silly tar       gname: '',
570 silly tar       devmaj: 0,
570 silly tar       devmin: 0,
570 silly tar       atime: null,
570 silly tar       ctime: null,
570 silly tar       [Symbol(type)]: '0'
570 silly tar     },
570 silly tar     startBlockSize: 512,
570 silly tar     blockRemain: 0,
570 silly tar     remain: 0,
570 silly tar     type: 'File',
570 silly tar     meta: false,
570 silly tar     ignore: false,
570 silly tar     path: 'index.js',
570 silly tar     mode: 438,
570 silly tar     uid: 501,
570 silly tar     gid: 20,
570 silly tar     uname: '',
570 silly tar     gname: '',
570 silly tar     size: 320,
570 silly tar     mtime: 2018-01-02T19:16:15.000Z,
570 silly tar     atime: null,
570 silly tar     ctime: null,
570 silly tar     linkpath: '',
570 silly tar     absolute: '/home/devluca/bot-achadinhos/node_modules/has-flag/index.js',
570 silly tar     [Symbol(kCapture)]: false,
570 silly tar     [Symbol(flowing)]: false,
570 silly tar     [Symbol(paused)]: true,
570 silly tar     [Symbol(objectMode)]: false,
570 silly tar     [Symbol(encoding)]: null,
570 silly tar     [Symbol(async)]: false,
570 silly tar     [Symbol(decoder)]: null,
570 silly tar     [Symbol(EOF)]: true,
570 silly tar     [Symbol(emittedEnd)]: true,
570 silly tar     [Symbol(emittingEnd)]: false,
570 silly tar     [Symbol(closed)]: false,
570 silly tar     [Symbol(emittedError)]: null,
570 silly tar     [Symbol(bufferLength)]: 0,
570 silly tar     [Symbol(destroyed)]: false
570 silly tar   },
570 silly tar   cwd: '/home/devluca/bot-achadinhos/node_modules/has-flag',
570 silly tar   tarCode: 'TAR_ENTRY_ERROR'
570 silly tar }
571 warn tar TAR_ENTRY_ERROR EINVAL: invalid argument, fchown
572 silly tar TAR_ENTRY_ERROR EINVAL: invalid argument, fchown [Error: EINVAL: invalid argument, fchown] {
572 silly tar   errno: -22,
572 silly tar   code: 'EINVAL',
572 silly tar   syscall: 'fchown',
572 silly tar   entry: ReadEntry {
572 silly tar     _events: [Object: null prototype] {},
572 silly tar     _eventsCount: 0,
572 silly tar     _maxListeners: undefined,
572 silly tar     pipes: [ [Pipe] ],
572 silly tar     buffer: [],
572 silly tar     writable: false,
572 silly tar     readable: false,
572 silly tar     extended: null,
572 silly tar     globalExtended: null,
572 silly tar     header: Header {
572 silly tar       cksumValid: true,
572 silly tar       needPax: false,
572 silly tar       nullBlock: false,
572 silly tar       block: null,
572 silly tar       path: 'package/.npmignore',
572 silly tar       mode: 420,
572 silly tar       uid: 501,
572 silly tar       gid: 20,
572 silly tar       size: 79,
572 silly tar       mtime: 2017-09-20T00:14:25.000Z,
572 silly tar       cksum: 5456,
572 silly tar       linkpath: '',
572 silly tar       uname: '',
572 silly tar       gname: '',
572 silly tar       devmaj: 0,
572 silly tar       devmin: 0,
572 silly tar       atime: null,
572 silly tar       ctime: null,
572 silly tar       [Symbol(type)]: '0'
572 silly tar     },
572 silly tar     startBlockSize: 512,
572 silly tar     blockRemain: 0,
572 silly tar     remain: 0,
572 silly tar     type: 'File',
572 silly tar     meta: false,
572 silly tar     ignore: false,
572 silly tar     path: '.npmignore',
572 silly tar     mode: 438,
572 silly tar     uid: 501,
572 silly tar     gid: 20,
572 silly tar     uname: '',
572 silly tar     gname: '',
572 silly tar     size: 79,
572 silly tar     mtime: 2017-09-20T00:14:25.000Z,
572 silly tar     atime: null,
572 silly tar     ctime: null,
572 silly tar     linkpath: '',
572 silly tar     absolute: '/home/devluca/bot-achadinhos/node_modules/utils-merge/.npmignore',
572 silly tar     [Symbol(kCapture)]: false,
572 silly tar     [Symbol(flowing)]: false,
572 silly tar     [Symbol(paused)]: true,
572 silly tar     [Symbol(objectMode)]: false,
572 silly tar     [Symbol(encoding)]: null,
572 silly tar     [Symbol(async)]: false,
572 silly tar     [Symbol(decoder)]: null,
572 silly tar     [Symbol(EOF)]: true,
572 silly tar     [Symbol(emittedEnd)]: true,
572 silly tar     [Symbol(emittingEnd)]: false,
572 silly tar     [Symbol(closed)]: false,
572 silly tar     [Symbol(emittedError)]: null,
572 silly tar     [Symbol(bufferLength)]: 0,
572 silly tar     [Symbol(destroyed)]: false
572 silly tar   },
572 silly tar   cwd: '/home/devluca/bot-achadinhos/node_modules/utils-merge',
572 silly tar   tarCode: 'TAR_ENTRY_ERROR'
572 silly tar }
573 warn tar TAR_ENTRY_ERROR EINVAL: invalid argument, fchown
574 silly tar TAR_ENTRY_ERROR EINVAL: invalid argument, fchown [Error: EINVAL: invalid argument, fchown] {
574 silly tar   errno: -22,
574 silly tar   code: 'EINVAL',
574 silly tar   syscall: 'fchown',
574 silly tar   entry: ReadEntry {
574 silly tar     _events: [Object: null prototype] {},
574 silly tar     _eventsCount: 0,
574 silly tar     _maxListeners: undefined,
574 silly tar     pipes: [ [Pipe] ],
574 silly tar     buffer: [],
574 silly tar     writable: false,
574 silly tar     readable: false,
574 silly tar     extended: null,
574 silly tar     globalExtended: null,
574 silly tar     header: Header {
574 silly tar       cksumValid: true,
574 silly tar       needPax: false,
574 silly tar       nullBlock: false,
574 silly tar       block: null,
574 silly tar       path: 'package/README.md',
574 silly tar       mode: 420,
574 silly tar       uid: 501,
574 silly tar       gid: 20,
574 silly tar       size: 680,
574 silly tar       mtime: 2016-02-26T14:46:47.000Z,
574 silly tar       cksum: 5134,
574 silly tar       linkpath: '',
574 silly tar       uname: '',
574 silly tar       gname: '',
574 silly tar       devmaj: 0,
574 silly tar       devmin: 0,
574 silly tar       atime: null,
574 silly tar       ctime: null,
574 silly tar       [Symbol(type)]: '0'
574 silly tar     },
574 silly tar     startBlockSize: 1024,
574 silly tar     blockRemain: 0,
574 silly tar     remain: 0,
574 silly tar     type: 'File',
574 silly tar     meta: false,
574 silly tar     ignore: false,
574 silly tar     path: 'README.md',
574 silly tar     mode: 438,
574 silly tar     uid: 501,
574 silly tar     gid: 20,
574 silly tar     uname: '',
574 silly tar     gname: '',
574 silly tar     size: 680,
574 silly tar     mtime: 2016-02-26T14:46:47.000Z,
574 silly tar     atime: null,
574 silly tar     ctime: null,
574 silly tar     linkpath: '',
574 silly tar     absolute: '/home/devluca/bot-achadinhos/node_modules/ignore-by-default/README.md',
574 silly tar     [Symbol(kCapture)]: false,
574 silly tar     [Symbol(flowing)]: false,
574 silly tar     [Symbol(paused)]: true,
574 silly tar     [Symbol(objectMode)]: false,
574 silly tar     [Symbol(encoding)]: null,
574 silly tar     [Symbol(async)]: false,
574 silly tar     [Symbol(decoder)]: null,
574 silly tar     [Symbol(EOF)]: true,
574 silly tar     [Symbol(emittedEnd)]: true,
574 silly tar     [Symbol(emittingEnd)]: false,
574 silly tar     [Symbol(closed)]: false,
574 silly tar     [Symbol(emittedError)]: null,
574 silly tar     [Symbol(bufferLength)]: 0,
574 silly tar     [Symbol(destroyed)]: false
574 silly tar   },
574 silly tar   cwd: '/home/devluca/bot-achadinhos/node_modules/ignore-by-default',
574 silly tar   tarCode: 'TAR_ENTRY_ERROR'
574 silly tar }
575 warn tar TAR_ENTRY_ERROR EINVAL: invalid argument, fchown
576 silly tar TAR_ENTRY_ERROR EINVAL: invalid argument, fchown [Error: EINVAL: invalid argument, fchown] {
576 silly tar   errno: -22,
576 silly tar   code: 'EINVAL',
576 silly tar   syscall: 'fchown',
576 silly tar   entry: ReadEntry {
576 silly tar     _events: [Object: null prototype] {},
576 silly tar     _eventsCount: 0,
576 silly tar     _maxListeners: undefined,
576 silly tar     pipes: [ [Pipe] ],
576 silly tar     buffer: [],
576 silly tar     writable: false,
576 silly tar     readable: false,
576 silly tar     extended: null,
576 silly tar     globalExtended: null,
576 silly tar     header: Header {
576 silly tar       cksumValid: true,
576 silly tar       needPax: false,
576 silly tar       nullBlock: false,
576 silly tar       block: null,
576 silly tar       path: 'package/package.json',
576 silly tar       mode: 420,
576 silly tar       uid: 501,
576 silly tar       gid: 20,
576 silly tar       size: 704,
576 silly tar       mtime: 2017-05-16T12:25:16.000Z,
576 silly tar       cksum: 5652,
576 silly tar       linkpath: '',
576 silly tar       uname: '',
576 silly tar       gname: '',
576 silly tar       devmaj: 0,
576 silly tar       devmin: 0,
576 silly tar       atime: null,
576 silly tar       ctime: null,
576 silly tar       [Symbol(type)]: '0'
576 silly tar     },
576 silly tar     startBlockSize: 1024,
576 silly tar     blockRemain: 0,
576 silly tar     remain: 0,
576 silly tar     type: 'File',
576 silly tar     meta: false,
576 silly tar     ignore: false,
576 silly tar     path: 'package.json',
576 silly tar     mode: 438,
576 silly tar     uid: 501,
576 silly tar     gid: 20,
576 silly tar     uname: '',
576 silly tar     gname: '',
576 silly tar     size: 704,
576 silly tar     mtime: 2017-05-16T12:25:16.000Z,
576 silly tar     atime: null,
576 silly tar     ctime: null,
576 silly tar     linkpath: '',
576 silly tar     absolute: '/home/devluca/bot-achadinhos/node_modules/ms/package.json',
576 silly tar     [Symbol(kCapture)]: false,
576 silly tar     [Symbol(flowing)]: true,
576 silly tar     [Symbol(paused)]: false,
576 silly tar     [Symbol(objectMode)]: false,
576 silly tar     [Symbol(encoding)]: null,
576 silly tar     [Symbol(async)]: false,
576 silly tar     [Symbol(decoder)]: null,
576 silly tar     [Symbol(EOF)]: true,
576 silly tar     [Symbol(emittedEnd)]: true,
576 silly tar     [Symbol(emittingEnd)]: false,
576 silly tar     [Symbol(closed)]: false,
576 silly tar     [Symbol(emittedError)]: null,
576 silly tar     [Symbol(bufferLength)]: 0,
576 silly tar     [Symbol(destroyed)]: false
576 silly tar   },
576 silly tar   cwd: '/home/devluca/bot-achadinhos/node_modules/ms',
576 silly tar   tarCode: 'TAR_ENTRY_ERROR'
576 silly tar }
577 warn tar TAR_ENTRY_ERROR EINVAL: invalid argument, fchown
578 silly tar TAR_ENTRY_ERROR EINVAL: invalid argument, fchown [Error: EINVAL: invalid argument, fchown] {
578 silly tar   errno: -22,
578 silly tar   code: 'EINVAL',
578 silly tar   syscall: 'fchown',
578 silly tar   entry: ReadEntry {
578 silly tar     _events: [Object: null prototype] {},
578 silly tar     _eventsCount: 0,
578 silly tar     _maxListeners: undefined,
578 silly tar     pipes: [ [Pipe] ],
578 silly tar     buffer: [],
578 silly tar     writable: false,
578 silly tar     readable: false,
578 silly tar     extended: null,
578 silly tar     globalExtended: null,
578 silly tar     header: Header {
578 silly tar       cksumValid: true,
578 silly tar       needPax: false,
578 silly tar       nullBlock: false,
578 silly tar       block: null,
578 silly tar       path: 'package/README.md',
578 silly tar       mode: 420,
578 silly tar       uid: 501,
578 silly tar       gid: 20,
578 silly tar       size: 1319,
578 silly tar       mtime: 2017-09-20T00:13:28.000Z,
578 silly tar       cksum: 5127,
578 silly tar       linkpath: '',
578 silly tar       uname: '',
578 silly tar       gname: '',
578 silly tar       devmaj: 0,
578 silly tar       devmin: 0,
578 silly tar       atime: null,
578 silly tar       ctime: null,
578 silly tar       [Symbol(type)]: '0'
578 silly tar     },
578 silly tar     startBlockSize: 1536,
578 silly tar     blockRemain: 0,
578 silly tar     remain: 0,
578 silly tar     type: 'File',
578 silly tar     meta: false,
578 silly tar     ignore: false,
578 silly tar     path: 'README.md',
578 silly tar     mode: 438,
578 silly tar     uid: 501,
578 silly tar     gid: 20,
578 silly tar     uname: '',
578 silly tar     gname: '',
578 silly tar     size: 1319,
578 silly tar     mtime: 2017-09-20T00:13:28.000Z,
578 silly tar     atime: null,
578 silly tar     ctime: null,
578 silly tar     linkpath: '',
578 silly tar     absolute: '/home/devluca/bot-achadinhos/node_modules/utils-merge/README.md',
578 silly tar     [Symbol(kCapture)]: false,
578 silly tar     [Symbol(flowing)]: false,
578 silly tar     [Symbol(paused)]: true,
578 silly tar     [Symbol(objectMode)]: false,
578 silly tar     [Symbol(encoding)]: null,
578 silly tar     [Symbol(async)]: false,
578 silly tar     [Symbol(decoder)]: null,
578 silly tar     [Symbol(EOF)]: true,
578 silly tar     [Symbol(emittedEnd)]: true,
578 silly tar     [Symbol(emittingEnd)]: false,
578 silly tar     [Symbol(closed)]: false,
578 silly tar     [Symbol(emittedError)]: null,
578 silly tar     [Symbol(bufferLength)]: 0,
578 silly tar     [Symbol(destroyed)]: false
578 silly tar   },
578 silly tar   cwd: '/home/devluca/bot-achadinhos/node_modules/utils-merge',
578 silly tar   tarCode: 'TAR_ENTRY_ERROR'
578 silly tar }
579 warn tar TAR_ENTRY_ERROR EINVAL: invalid argument, fchown
580 silly tar TAR_ENTRY_ERROR EINVAL: invalid argument, fchown [Error: EINVAL: invalid argument, fchown] {
580 silly tar   errno: -22,
580 silly tar   code: 'EINVAL',
580 silly tar   syscall: 'fchown',
580 silly tar   entry: ReadEntry {
580 silly tar     _events: [Object: null prototype] {},
580 silly tar     _eventsCount: 0,
580 silly tar     _maxListeners: undefined,
580 silly tar     pipes: [ [Pipe] ],
580 silly tar     buffer: [],
580 silly tar     writable: false,
580 silly tar     readable: false,
580 silly tar     extended: null,
580 silly tar     globalExtended: null,
580 silly tar     header: Header {
580 silly tar       cksumValid: true,
580 silly tar       needPax: false,
580 silly tar       nullBlock: false,
580 silly tar       block: null,
580 silly tar       path: 'package/LICENSE',
580 silly tar       mode: 420,
580 silly tar       uid: 501,
580 silly tar       gid: 20,
580 silly tar       size: 748,
580 silly tar       mtime: 2016-02-05T17:11:57.000Z,
580 silly tar       cksum: 4971,
580 silly tar       linkpath: '',
580 silly tar       uname: '',
580 silly tar       gname: '',
580 silly tar       devmaj: 0,
580 silly tar       devmin: 0,
580 silly tar       atime: null,
580 silly tar       ctime: null,
580 silly tar       [Symbol(type)]: '0'
580 silly tar     },
580 silly tar     startBlockSize: 1024,
580 silly tar     blockRemain: 0,
580 silly tar     remain: 0,
580 silly tar     type: 'File',
580 silly tar     meta: false,
580 silly tar     ignore: false,
580 silly tar     path: 'LICENSE',
580 silly tar     mode: 438,
580 silly tar     uid: 501,
580 silly tar     gid: 20,
580 silly tar     uname: '',
580 silly tar     gname: '',
580 silly tar     size: 748,
580 silly tar     mtime: 2016-02-05T17:11:57.000Z,
580 silly tar     atime: null,
580 silly tar     ctime: null,
580 silly tar     linkpath: '',
580 silly tar     absolute: '/home/devluca/bot-achadinhos/node_modules/ignore-by-default/LICENSE',
580 silly tar     [Symbol(kCapture)]: false,
580 silly tar     [Symbol(flowing)]: false,
580 silly tar     [Symbol(paused)]: true,
580 silly tar     [Symbol(objectMode)]: false,
580 silly tar     [Symbol(encoding)]: null,
580 silly tar     [Symbol(async)]: false,
580 silly tar     [Symbol(decoder)]: null,
580 silly tar     [Symbol(EOF)]: true,
580 silly tar     [Symbol(emittedEnd)]: true,
580 silly tar     [Symbol(emittingEnd)]: false,
580 silly tar     [Symbol(closed)]: false,
580 silly tar     [Symbol(emittedError)]: null,
580 silly tar     [Symbol(bufferLength)]: 0,
580 silly tar     [Symbol(destroyed)]: false
580 silly tar   },
580 silly tar   cwd: '/home/devluca/bot-achadinhos/node_modules/ignore-by-default',
580 silly tar   tarCode: 'TAR_ENTRY_ERROR'
580 silly tar }
581 warn tar TAR_ENTRY_ERROR EINVAL: invalid argument, fchown
582 silly tar TAR_ENTRY_ERROR EINVAL: invalid argument, fchown [Error: EINVAL: invalid argument, fchown] {
582 silly tar   errno: -22,
582 silly tar   code: 'EINVAL',
582 silly tar   syscall: 'fchown',
582 silly tar   entry: ReadEntry {
582 silly tar     _events: [Object: null prototype] {},
582 silly tar     _eventsCount: 0,
582 silly tar     _maxListeners: undefined,
582 silly tar     pipes: [ [Pipe] ],
582 silly tar     buffer: [],
582 silly tar     writable: false,
582 silly tar     readable: false,
582 silly tar     extended: null,
582 silly tar     globalExtended: null,
582 silly tar     header: Header {
582 silly tar       cksumValid: true,
582 silly tar       needPax: false,
582 silly tar       nullBlock: false,
582 silly tar       block: null,
582 silly tar       path: 'package/license',
582 silly tar       mode: 420,
582 silly tar       uid: 501,
582 silly tar       gid: 20,
582 silly tar       size: 1109,
582 silly tar       mtime: 2017-06-01T19:17:35.000Z,
582 silly tar       cksum: 5178,
582 silly tar       linkpath: '',
582 silly tar       uname: '',
582 silly tar       gname: '',
582 silly tar       devmaj: 0,
582 silly tar       devmin: 0,
582 silly tar       atime: null,
582 silly tar       ctime: null,
582 silly tar       [Symbol(type)]: '0'
582 silly tar     },
582 silly tar     startBlockSize: 1536,
582 silly tar     blockRemain: 0,
582 silly tar     remain: 0,
582 silly tar     type: 'File',
582 silly tar     meta: false,
582 silly tar     ignore: false,
582 silly tar     path: 'license',
582 silly tar     mode: 438,
582 silly tar     uid: 501,
582 silly tar     gid: 20,
582 silly tar     uname: '',
582 silly tar     gname: '',
582 silly tar     size: 1109,
582 silly tar     mtime: 2017-06-01T19:17:35.000Z,
582 silly tar     atime: null,
582 silly tar     ctime: null,
582 silly tar     linkpath: '',
582 silly tar     absolute: '/home/devluca/bot-achadinhos/node_modules/has-flag/license',
582 silly tar     [Symbol(kCapture)]: false,
582 silly tar     [Symbol(flowing)]: false,
582 silly tar     [Symbol(paused)]: true,
582 silly tar     [Symbol(objectMode)]: false,
582 silly tar     [Symbol(encoding)]: null,
582 silly tar     [Symbol(async)]: false,
582 silly tar     [Symbol(decoder)]: null,
582 silly tar     [Symbol(EOF)]: true,
582 silly tar     [Symbol(emittedEnd)]: true,
582 silly tar     [Symbol(emittingEnd)]: false,
582 silly tar     [Symbol(closed)]: false,
582 silly tar     [Symbol(emittedError)]: null,
582 silly tar     [Symbol(bufferLength)]: 0,
582 silly tar     [Symbol(destroyed)]: false
582 silly tar   },
582 silly tar   cwd: '/home/devluca/bot-achadinhos/node_modules/has-flag',
582 silly tar   tarCode: 'TAR_ENTRY_ERROR'
582 silly tar }
583 warn tar TAR_ENTRY_ERROR EINVAL: invalid argument, fchown
584 silly tar TAR_ENTRY_ERROR EINVAL: invalid argument, fchown [Error: EINVAL: invalid argument, fchown] {
584 silly tar   errno: -22,
584 silly tar   code: 'EINVAL',
584 silly tar   syscall: 'fchown',
584 silly tar   entry: ReadEntry {
584 silly tar     _events: [Object: null prototype] {},
584 silly tar     _eventsCount: 0,
584 silly tar     _maxListeners: undefined,
584 silly tar     pipes: [ [Pipe] ],
584 silly tar     buffer: [],
584 silly tar     writable: false,
584 silly tar     readable: false,
584 silly tar     extended: null,
584 silly tar     globalExtended: null,
584 silly tar     header: Header {
584 silly tar       cksumValid: true,
584 silly tar       needPax: false,
584 silly tar       nullBlock: false,
584 silly tar       block: null,
584 silly tar       path: 'package/README.md',
584 silly tar       mode: 420,
584 silly tar       uid: 501,
584 silly tar       gid: 20,
584 silly tar       size: 2119,
584 silly tar       mtime: 2017-11-25T00:17:40.000Z,
584 silly tar       cksum: 5126,
584 silly tar       linkpath: '',
584 silly tar       uname: '',
584 silly tar       gname: '',
584 silly tar       devmaj: 0,
584 silly tar       devmin: 0,
584 silly tar       atime: null,
584 silly tar       ctime: null,
584 silly tar       [Symbol(type)]: '0'
584 silly tar     },
584 silly tar     startBlockSize: 2560,
584 silly tar     blockRemain: 0,
584 silly tar     remain: 0,
584 silly tar     type: 'File',
584 silly tar     meta: false,
584 silly tar     ignore: false,
584 silly tar     path: 'README.md',
584 silly tar     mode: 438,
584 silly tar     uid: 501,
584 silly tar     gid: 20,
584 silly tar     uname: '',
584 silly tar     gname: '',
584 silly tar     size: 2119,
584 silly tar     mtime: 2017-11-25T00:17:40.000Z,
584 silly tar     atime: null,
584 silly tar     ctime: null,
584 silly tar     linkpath: '',
584 silly tar     absolute: '/home/devluca/bot-achadinhos/node_modules/mime/README.md',
584 silly tar     [Symbol(kCapture)]: false,
584 silly tar     [Symbol(flowing)]: false,
584 silly tar     [Symbol(paused)]: true,
584 silly tar     [Symbol(objectMode)]: false,
584 silly tar     [Symbol(encoding)]: null,
584 silly tar     [Symbol(async)]: false,
584 silly tar     [Symbol(decoder)]: null,
584 silly tar     [Symbol(EOF)]: true,
584 silly tar     [Symbol(emittedEnd)]: true,
584 silly tar     [Symbol(emittingEnd)]: false,
584 silly tar     [Symbol(closed)]: false,
584 silly tar     [Symbol(emittedError)]: null,
584 silly tar     [Symbol(bufferLength)]: 0,
584 silly tar     [Symbol(destroyed)]: false
584 silly tar   },
584 silly tar   cwd: '/home/devluca/bot-achadinhos/node_modules/mime',
584 silly tar   tarCode: 'TAR_ENTRY_ERROR'
584 silly tar }
585 warn tar TAR_ENTRY_ERROR EINVAL: invalid argument, fchown
586 silly tar TAR_ENTRY_ERROR EINVAL: invalid argument, fchown [Error: EINVAL: invalid argument, fchown] {
586 silly tar   errno: -22,
586 silly tar   code: 'EINVAL',
586 silly tar   syscall: 'fchown',
586 silly tar   entry: ReadEntry {
586 silly tar     _events: [Object: null prototype] {},
586 silly tar     _eventsCount: 0,
586 silly tar     _maxListeners: undefined,
586 silly tar     pipes: [ [Pipe] ],
586 silly tar     buffer: [],
586 silly tar     writable: false,
586 silly tar     readable: false,
586 silly tar     extended: null,
586 silly tar     globalExtended: null,
586 silly tar     header: Header {
586 silly tar       cksumValid: true,
586 silly tar       needPax: false,
586 silly tar       nullBlock: false,
586 silly tar       block: null,
586 silly tar       path: 'package/package.json',
586 silly tar       mode: 420,
586 silly tar       uid: 501,
586 silly tar       gid: 20,
586 silly tar       size: 1138,
586 silly tar       mtime: 2017-09-22T13:32:09.000Z,
586 silly tar       cksum: 5637,
586 silly tar       linkpath: '',
586 silly tar       uname: '',
586 silly tar       gname: '',
586 silly tar       devmaj: 0,
586 silly tar       devmin: 0,
586 silly tar       atime: null,
586 silly tar       ctime: null,
586 silly tar       [Symbol(type)]: '0'
586 silly tar     },
586 silly tar     startBlockSize: 1536,
586 silly tar     blockRemain: 0,
586 silly tar     remain: 0,
586 silly tar     type: 'File',
586 silly tar     meta: false,
586 silly tar     ignore: false,
586 silly tar     path: 'package.json',
586 silly tar     mode: 438,
586 silly tar     uid: 501,
586 silly tar     gid: 20,
586 silly tar     uname: '',
586 silly tar     gname: '',
586 silly tar     size: 1138,
586 silly tar     mtime: 2017-09-22T13:32:09.000Z,
586 silly tar     atime: null,
586 silly tar     ctime: null,
586 silly tar     linkpath: '',
586 silly tar     absolute: '/home/devluca/bot-achadinhos/node_modules/debug/package.json',
586 silly tar     [Symbol(kCapture)]: false,
586 silly tar     [Symbol(flowing)]: false,
586 silly tar     [Symbol(paused)]: true,
586 silly tar     [Symbol(objectMode)]: false,
586 silly tar     [Symbol(encoding)]: null,
586 silly tar     [Symbol(async)]: false,
586 silly tar     [Symbol(decoder)]: null,
586 silly tar     [Symbol(EOF)]: true,
586 silly tar     [Symbol(emittedEnd)]: true,
586 silly tar     [Symbol(emittingEnd)]: false,
586 silly tar     [Symbol(closed)]: false,
586 silly tar     [Symbol(emittedError)]: null,
586 silly tar     [Symbol(bufferLength)]: 0,
586 silly tar     [Symbol(destroyed)]: false
586 silly tar   },
586 silly tar   cwd: '/home/devluca/bot-achadinhos/node_modules/debug',
586 silly tar   tarCode: 'TAR_ENTRY_ERROR'
586 silly tar }
587 warn tar TAR_ENTRY_ERROR EINVAL: invalid argument, fchown
588 silly tar TAR_ENTRY_ERROR EINVAL: invalid argument, fchown [Error: EINVAL: invalid argument, fchown] {
588 silly tar   errno: -22,
588 silly tar   code: 'EINVAL',
588 silly tar   syscall: 'fchown',
588 silly tar   entry: ReadEntry {
588 silly tar     _events: [Object: null prototype] {},
588 silly tar     _eventsCount: 0,
588 silly tar     _maxListeners: undefined,
588 silly tar     pipes: [ [Pipe] ],
588 silly tar     buffer: [],
588 silly tar     writable: false,
588 silly tar     readable: false,
588 silly tar     extended: null,
588 silly tar     globalExtended: null,
588 silly tar     header: Header {
588 silly tar       cksumValid: true,
588 silly tar       needPax: false,
588 silly tar       nullBlock: false,
588 silly tar       block: null,
588 silly tar       path: 'package/readme.md',
588 silly tar       mode: 420,
588 silly tar       uid: 501,
588 silly tar       gid: 20,
588 silly tar       size: 986,
588 silly tar       mtime: 2018-01-02T19:17:59.000Z,
588 silly tar       cksum: 5331,
588 silly tar       linkpath: '',
588 silly tar       uname: '',
588 silly tar       gname: '',
588 silly tar       devmaj: 0,
588 silly tar       devmin: 0,
588 silly tar       atime: null,
588 silly tar       ctime: null,
588 silly tar       [Symbol(type)]: '0'
588 silly tar     },
588 silly tar     startBlockSize: 1024,
588 silly tar     blockRemain: 0,
588 silly tar     remain: 0,
588 silly tar     type: 'File',
588 silly tar     meta: false,
588 silly tar     ignore: false,
588 silly tar     path: 'readme.md',
588 silly tar     mode: 438,
588 silly tar     uid: 501,
588 silly tar     gid: 20,
588 silly tar     uname: '',
588 silly tar     gname: '',
588 silly tar     size: 986,
588 silly tar     mtime: 2018-01-02T19:17:59.000Z,
588 silly tar     atime: null,
588 silly tar     ctime: null,
588 silly tar     linkpath: '',
588 silly tar     absolute: '/home/devluca/bot-achadinhos/node_modules/has-flag/readme.md',
588 silly tar     [Symbol(kCapture)]: false,
588 silly tar     [Symbol(flowing)]: false,
588 silly tar     [Symbol(paused)]: true,
588 silly tar     [Symbol(objectMode)]: false,
588 silly tar     [Symbol(encoding)]: null,
588 silly tar     [Symbol(async)]: false,
588 silly tar     [Symbol(decoder)]: null,
588 silly tar     [Symbol(EOF)]: true,
588 silly tar     [Symbol(emittedEnd)]: true,
588 silly tar     [Symbol(emittingEnd)]: false,
588 silly tar     [Symbol(closed)]: false,
588 silly tar     [Symbol(emittedError)]: null,
588 silly tar     [Symbol(bufferLength)]: 0,
588 silly tar     [Symbol(destroyed)]: false
588 silly tar   },
588 silly tar   cwd: '/home/devluca/bot-achadinhos/node_modules/has-flag',
588 silly tar   tarCode: 'TAR_ENTRY_ERROR'
588 silly tar }
589 warn tar TAR_ENTRY_ERROR EINVAL: invalid argument, fchown
590 silly tar TAR_ENTRY_ERROR EINVAL: invalid argument, fchown [Error: EINVAL: invalid argument, fchown] {
590 silly tar   errno: -22,
590 silly tar   code: 'EINVAL',
590 silly tar   syscall: 'fchown',
590 silly tar   entry: ReadEntry {
590 silly tar     _events: [Object: null prototype] {},
590 silly tar     _eventsCount: 0,
590 silly tar     _maxListeners: undefined,
590 silly tar     pipes: [ [Pipe] ],
590 silly tar     buffer: [],
590 silly tar     writable: false,
590 silly tar     readable: false,
590 silly tar     extended: null,
590 silly tar     globalExtended: null,
590 silly tar     header: Header {
590 silly tar       cksumValid: true,
590 silly tar       needPax: false,
590 silly tar       nullBlock: false,
590 silly tar       block: null,
590 silly tar       path: 'package/LICENSE',
590 silly tar       mode: 420,
590 silly tar       uid: 501,
590 silly tar       gid: 20,
590 silly tar       size: 1084,
590 silly tar       mtime: 2017-09-20T00:08:10.000Z,
590 silly tar       cksum: 4957,
590 silly tar       linkpath: '',
590 silly tar       uname: '',
590 silly tar       gname: '',
590 silly tar       devmaj: 0,
590 silly tar       devmin: 0,
590 silly tar       atime: null,
590 silly tar       ctime: null,
590 silly tar       [Symbol(type)]: '0'
590 silly tar     },
590 silly tar     startBlockSize: 1536,
590 silly tar     blockRemain: 0,
590 silly tar     remain: 0,
590 silly tar     type: 'File',
590 silly tar     meta: false,
590 silly tar     ignore: false,
590 silly tar     path: 'LICENSE',
590 silly tar     mode: 438,
590 silly tar     uid: 501,
590 silly tar     gid: 20,
590 silly tar     uname: '',
590 silly tar     gname: '',
590 silly tar     size: 1084,
590 silly tar     mtime: 2017-09-20T00:08:10.000Z,
590 silly tar     atime: null,
590 silly tar     ctime: null,
590 silly tar     linkpath: '',
590 silly tar     absolute: '/home/devluca/bot-achadinhos/node_modules/utils-merge/LICENSE',
590 silly tar     [Symbol(kCapture)]: false,
590 silly tar     [Symbol(flowing)]: false,
590 silly tar     [Symbol(paused)]: true,
590 silly tar     [Symbol(objectMode)]: false,
590 silly tar     [Symbol(encoding)]: null,
590 silly tar     [Symbol(async)]: false,
590 silly tar     [Symbol(decoder)]: null,
590 silly tar     [Symbol(EOF)]: true,
590 silly tar     [Symbol(emittedEnd)]: true,
590 silly tar     [Symbol(emittingEnd)]: false,
590 silly tar     [Symbol(closed)]: false,
590 silly tar     [Symbol(emittedError)]: null,
590 silly tar     [Symbol(bufferLength)]: 0,
590 silly tar     [Symbol(destroyed)]: false
590 silly tar   },
590 silly tar   cwd: '/home/devluca/bot-achadinhos/node_modules/utils-merge',
590 silly tar   tarCode: 'TAR_ENTRY_ERROR'
590 silly tar }
591 warn tar TAR_ENTRY_ERROR EINVAL: invalid argument, fchown
592 silly tar TAR_ENTRY_ERROR EINVAL: invalid argument, fchown [Error: EINVAL: invalid argument, fchown] {
592 silly tar   errno: -22,
592 silly tar   code: 'EINVAL',
592 silly tar   syscall: 'fchown',
592 silly tar   entry: ReadEntry {
592 silly tar     _events: [Object: null prototype] {},
592 silly tar     _eventsCount: 0,
592 silly tar     _maxListeners: undefined,
592 silly tar     pipes: [ [Pipe] ],
592 silly tar     buffer: [],
592 silly tar     writable: false,
592 silly tar     readable: false,
592 silly tar     extended: null,
592 silly tar     globalExtended: null,
592 silly tar     header: Header {
592 silly tar       cksumValid: true,
592 silly tar       needPax: false,
592 silly tar       nullBlock: false,
592 silly tar       block: null,
592 silly tar       path: 'package/index.js',
592 silly tar       mode: 420,
592 silly tar       uid: 501,
592 silly tar       gid: 20,
592 silly tar       size: 614,
592 silly tar       mtime: 2016-02-05T17:42:21.000Z,
592 silly tar       cksum: 5262,
592 silly tar       linkpath: '',
592 silly tar       uname: '',
592 silly tar       gname: '',
592 silly tar       devmaj: 0,
592 silly tar       devmin: 0,
592 silly tar       atime: null,
592 silly tar       ctime: null,
592 silly tar       [Symbol(type)]: '0'
592 silly tar     },
592 silly tar     startBlockSize: 1024,
592 silly tar     blockRemain: 0,
592 silly tar     remain: 0,
592 silly tar     type: 'File',
592 silly tar     meta: false,
592 silly tar     ignore: false,
592 silly tar     path: 'index.js',
592 silly tar     mode: 438,
592 silly tar     uid: 501,
592 silly tar     gid: 20,
592 silly tar     uname: '',
592 silly tar     gname: '',
592 silly tar     size: 614,
592 silly tar     mtime: 2016-02-05T17:42:21.000Z,
592 silly tar     atime: null,
592 silly tar     ctime: null,
592 silly tar     linkpath: '',
592 silly tar     absolute: '/home/devluca/bot-achadinhos/node_modules/ignore-by-default/index.js',
592 silly tar     [Symbol(kCapture)]: false,
592 silly tar     [Symbol(flowing)]: false,
592 silly tar     [Symbol(paused)]: true,
592 silly tar     [Symbol(objectMode)]: false,
592 silly tar     [Symbol(encoding)]: null,
592 silly tar     [Symbol(async)]: false,
592 silly tar     [Symbol(decoder)]: null,
592 silly tar     [Symbol(EOF)]: true,
592 silly tar     [Symbol(emittedEnd)]: true,
592 silly tar     [Symbol(emittingEnd)]: false,
592 silly tar     [Symbol(closed)]: false,
592 silly tar     [Symbol(emittedError)]: null,
592 silly tar     [Symbol(bufferLength)]: 0,
592 silly tar     [Symbol(destroyed)]: false
592 silly tar   },
592 silly tar   cwd: '/home/devluca/bot-achadinhos/node_modules/ignore-by-default',
592 silly tar   tarCode: 'TAR_ENTRY_ERROR'
592 silly tar }
593 warn tar TAR_ENTRY_ERROR EINVAL: invalid argument, fchown
594 silly tar TAR_ENTRY_ERROR EINVAL: invalid argument, fchown [Error: EINVAL: invalid argument, fchown] {
594 silly tar   errno: -22,
594 silly tar   code: 'EINVAL',
594 silly tar   syscall: 'fchown',
594 silly tar   entry: ReadEntry {
594 silly tar     _events: [Object: null prototype] {},
594 silly tar     _eventsCount: 0,
594 silly tar     _maxListeners: undefined,
594 silly tar     pipes: [ [Pipe] ],
594 silly tar     buffer: [],
594 silly tar     writable: false,
594 silly tar     readable: false,
594 silly tar     extended: null,
594 silly tar     globalExtended: null,
594 silly tar     header: Header {
594 silly tar       cksumValid: true,
594 silly tar       needPax: false,
594 silly tar       nullBlock: false,
594 silly tar       block: null,
594 silly tar       path: 'package/LICENSE',
594 silly tar       mode: 420,
594 silly tar       uid: 501,
594 silly tar       gid: 20,
594 silly tar       size: 1098,
594 silly tar       mtime: 2017-11-23T17:04:44.000Z,
594 silly tar       cksum: 4966,
594 silly tar       linkpath: '',
594 silly tar       uname: '',
594 silly tar       gname: '',
594 silly tar       devmaj: 0,
594 silly tar       devmin: 0,
594 silly tar       atime: null,
594 silly tar       ctime: null,
594 silly tar       [Symbol(type)]: '0'
594 silly tar     },
594 silly tar     startBlockSize: 1536,
594 silly tar     blockRemain: 0,
594 silly tar     remain: 0,
594 silly tar     type: 'File',
594 silly tar     meta: false,
594 silly tar     ignore: false,
594 silly tar     path: 'LICENSE',
594 silly tar     mode: 438,
594 silly tar     uid: 501,
594 silly tar     gid: 20,
594 silly tar     uname: '',
594 silly tar     gname: '',
594 silly tar     size: 1098,
594 silly tar     mtime: 2017-11-23T17:04:44.000Z,
594 silly tar     atime: null,
594 silly tar     ctime: null,
594 silly tar     linkpath: '',
594 silly tar     absolute: '/home/devluca/bot-achadinhos/node_modules/mime/LICENSE',
594 silly tar     [Symbol(kCapture)]: false,
594 silly tar     [Symbol(flowing)]: false,
594 silly tar     [Symbol(paused)]: true,
594 silly tar     [Symbol(objectMode)]: false,
594 silly tar     [Symbol(encoding)]: null,
594 silly tar     [Symbol(async)]: false,
594 silly tar     [Symbol(decoder)]: null,
594 silly tar     [Symbol(EOF)]: true,
594 silly tar     [Symbol(emittedEnd)]: true,
594 silly tar     [Symbol(emittingEnd)]: false,
594 silly tar     [Symbol(closed)]: false,
594 silly tar     [Symbol(emittedError)]: null,
594 silly tar     [Symbol(bufferLength)]: 0,
594 silly tar     [Symbol(destroyed)]: false
594 silly tar   },
594 silly tar   cwd: '/home/devluca/bot-achadinhos/node_modules/mime',
594 silly tar   tarCode: 'TAR_ENTRY_ERROR'
594 silly tar }
595 warn tar TAR_ENTRY_ERROR EINVAL: invalid argument, fchown
596 silly tar TAR_ENTRY_ERROR EINVAL: invalid argument, fchown [Error: EINVAL: invalid argument, fchown] {
596 silly tar   errno: -22,
596 silly tar   code: 'EINVAL',
596 silly tar   syscall: 'fchown',
596 silly tar   entry: ReadEntry {
596 silly tar     _events: [Object: null prototype] {},
596 silly tar     _eventsCount: 0,
596 silly tar     _maxListeners: undefined,
596 silly tar     pipes: [ [Pipe] ],
596 silly tar     buffer: [],
596 silly tar     writable: false,
596 silly tar     readable: false,
596 silly tar     extended: null,
596 silly tar     globalExtended: null,
596 silly tar     header: Header {
596 silly tar       cksumValid: true,
596 silly tar       needPax: false,
596 silly tar       nullBlock: false,
596 silly tar       block: null,
596 silly tar       path: 'package/index.js',
596 silly tar       mode: 420,
596 silly tar       uid: 501,
596 silly tar       gid: 20,
596 silly tar       size: 2764,
596 silly tar       mtime: 2017-05-16T12:22:00.000Z,
596 silly tar       cksum: 5253,
596 silly tar       linkpath: '',
596 silly tar       uname: '',
596 silly tar       gname: '',
596 silly tar       devmaj: 0,
596 silly tar       devmin: 0,
596 silly tar       atime: null,
596 silly tar       ctime: null,
596 silly tar       [Symbol(type)]: '0'
596 silly tar     },
596 silly tar     startBlockSize: 3072,
596 silly tar     blockRemain: 0,
596 silly tar     remain: 0,
596 silly tar     type: 'File',
596 silly tar     meta: false,
596 silly tar     ignore: false,
596 silly tar     path: 'index.js',
596 silly tar     mode: 438,
596 silly tar     uid: 501,
596 silly tar     gid: 20,
596 silly tar     uname: '',
596 silly tar     gname: '',
596 silly tar     size: 2764,
596 silly tar     mtime: 2017-05-16T12:22:00.000Z,
596 silly tar     atime: null,
596 silly tar     ctime: null,
596 silly tar     linkpath: '',
596 silly tar     absolute: '/home/devluca/bot-achadinhos/node_modules/ms/index.js',
596 silly tar     [Symbol(kCapture)]: false,
596 silly tar     [Symbol(flowing)]: false,
596 silly tar     [Symbol(paused)]: true,
596 silly tar     [Symbol(objectMode)]: false,
596 silly tar     [Symbol(encoding)]: null,
596 silly tar     [Symbol(async)]: false,
596 silly tar     [Symbol(decoder)]: null,
596 silly tar     [Symbol(EOF)]: true,
596 silly tar     [Symbol(emittedEnd)]: true,
596 silly tar     [Symbol(emittingEnd)]: false,
596 silly tar     [Symbol(closed)]: false,
596 silly tar     [Symbol(emittedError)]: null,
596 silly tar     [Symbol(bufferLength)]: 0,
596 silly tar     [Symbol(destroyed)]: false
596 silly tar   },
596 silly tar   cwd: '/home/devluca/bot-achadinhos/node_modules/ms',
596 silly tar   tarCode: 'TAR_ENTRY_ERROR'
596 silly tar }
597 warn tar TAR_ENTRY_ERROR EINVAL: invalid argument, fchown
598 silly tar TAR_ENTRY_ERROR EINVAL: invalid argument, fchown [Error: EINVAL: invalid argument, fchown] {
598 silly tar   errno: -22,
598 silly tar   code: 'EINVAL',
598 silly tar   syscall: 'fchown',
598 silly tar   entry: ReadEntry {
598 silly tar     _events: [Object: null prototype] {},
598 silly tar     _eventsCount: 0,
598 silly tar     _maxListeners: undefined,
598 silly tar     pipes: [ [Pipe] ],
598 silly tar     buffer: [],
598 silly tar     writable: false,
598 silly tar     readable: false,
598 silly tar     extended: null,
598 silly tar     globalExtended: null,
598 silly tar     header: Header {
598 silly tar       cksumValid: true,
598 silly tar       needPax: false,
598 silly tar       nullBlock: false,
598 silly tar       block: null,
598 silly tar       path: 'package/package.json',
598 silly tar       mode: 420,
598 silly tar       uid: 501,
598 silly tar       gid: 20,
598 silly tar       size: 879,
598 silly tar       mtime: 2015-07-09T21:42:47.000Z,
598 silly tar       cksum: 5669,
598 silly tar       linkpath: '',
598 silly tar       uname: '',
598 silly tar       gname: '',
598 silly tar       devmaj: 0,
598 silly tar       devmin: 0,
598 silly tar       atime: null,
598 silly tar       ctime: null,
598 silly tar       [Symbol(type)]: '0'
598 silly tar     },
598 silly tar     startBlockSize: 1024,
598 silly tar     blockRemain: 0,
598 silly tar     remain: 0,
598 silly tar     type: 'File',
598 silly tar     meta: false,
598 silly tar     ignore: false,
598 silly tar     path: 'package.json',
598 silly tar     mode: 438,
598 silly tar     uid: 501,
598 silly tar     gid: 20,
598 silly tar     uname: '',
598 silly tar     gname: '',
598 silly tar     size: 879,
598 silly tar     mtime: 2015-07-09T21:42:47.000Z,
598 silly tar     atime: null,
598 silly tar     ctime: null,
598 silly tar     linkpath: '',
598 silly tar     absolute: '/home/devluca/bot-achadinhos/node_modules/array-flatten/package.json',
598 silly tar     [Symbol(kCapture)]: false,
598 silly tar     [Symbol(flowing)]: true,
598 silly tar     [Symbol(paused)]: false,
598 silly tar     [Symbol(objectMode)]: false,
598 silly tar     [Symbol(encoding)]: null,
598 silly tar     [Symbol(async)]: false,
598 silly tar     [Symbol(decoder)]: null,
598 silly tar     [Symbol(EOF)]: true,
598 silly tar     [Symbol(emittedEnd)]: true,
598 silly tar     [Symbol(emittingEnd)]: false,
598 silly tar     [Symbol(closed)]: false,
598 silly tar     [Symbol(emittedError)]: null,
598 silly tar     [Symbol(bufferLength)]: 0,
598 silly tar     [Symbol(destroyed)]: false
598 silly tar   },
598 silly tar   cwd: '/home/devluca/bot-achadinhos/node_modules/array-flatten',
598 silly tar   tarCode: 'TAR_ENTRY_ERROR'
598 silly tar }
599 warn tar TAR_ENTRY_ERROR EINVAL: invalid argument, fchown
600 silly tar TAR_ENTRY_ERROR EINVAL: invalid argument, fchown [Error: EINVAL: invalid argument, fchown] {
600 silly tar   errno: -22,
600 silly tar   code: 'EINVAL',
600 silly tar   syscall: 'fchown',
600 silly tar   entry: ReadEntry {
600 silly tar     _events: [Object: null prototype] {},
600 silly tar     _eventsCount: 0,
600 silly tar     _maxListeners: undefined,
600 silly tar     pipes: [ [Pipe] ],
600 silly tar     buffer: [],
600 silly tar     writable: false,
600 silly tar     readable: false,
600 silly tar     extended: null,
600 silly tar     globalExtended: null,
600 silly tar     header: Header {
600 silly tar       cksumValid: true,
600 silly tar       needPax: false,
600 silly tar       nullBlock: false,
600 silly tar       block: null,
600 silly tar       path: 'package/.npmignore',
600 silly tar       mode: 420,
600 silly tar       uid: 501,
600 silly tar       gid: 20,
600 silly tar       size: 72,
600 silly tar       mtime: 2017-06-15T00:16:23.000Z,
600 silly tar       cksum: 5454,
600 silly tar       linkpath: '',
600 silly tar       uname: '',
600 silly tar       gname: '',
600 silly tar       devmaj: 0,
600 silly tar       devmin: 0,
600 silly tar       atime: null,
600 silly tar       ctime: null,
600 silly tar       [Symbol(type)]: '0'
600 silly tar     },
600 silly tar     startBlockSize: 512,
600 silly tar     blockRemain: 0,
600 silly tar     remain: 0,
600 silly tar     type: 'File',
600 silly tar     meta: false,
600 silly tar     ignore: false,
600 silly tar     path: '.npmignore',
600 silly tar     mode: 438,
600 silly tar     uid: 501,
600 silly tar     gid: 20,
600 silly tar     uname: '',
600 silly tar     gname: '',
600 silly tar     size: 72,
600 silly tar     mtime: 2017-06-15T00:16:23.000Z,
600 silly tar     atime: null,
600 silly tar     ctime: null,
600 silly tar     linkpath: '',
600 silly tar     absolute: '/home/devluca/bot-achadinhos/node_modules/debug/.npmignore',
600 silly tar     [Symbol(kCapture)]: false,
600 silly tar     [Symbol(flowing)]: false,
600 silly tar     [Symbol(paused)]: true,
600 silly tar     [Symbol(objectMode)]: false,
600 silly tar     [Symbol(encoding)]: null,
600 silly tar     [Symbol(async)]: false,
600 silly tar     [Symbol(decoder)]: null,
600 silly tar     [Symbol(EOF)]: true,
600 silly tar     [Symbol(emittedEnd)]: true,
600 silly tar     [Symbol(emittingEnd)]: false,
600 silly tar     [Symbol(closed)]: false,
600 silly tar     [Symbol(emittedError)]: null,
600 silly tar     [Symbol(bufferLength)]: 0,
600 silly tar     [Symbol(destroyed)]: false
600 silly tar   },
600 silly tar   cwd: '/home/devluca/bot-achadinhos/node_modules/debug',
600 silly tar   tarCode: 'TAR_ENTRY_ERROR'
600 silly tar }
601 warn tar TAR_ENTRY_ERROR EINVAL: invalid argument, fchown
602 silly tar TAR_ENTRY_ERROR EINVAL: invalid argument, fchown [Error: EINVAL: invalid argument, fchown] {
602 silly tar   errno: -22,
602 silly tar   code: 'EINVAL',
602 silly tar   syscall: 'fchown',
602 silly tar   entry: ReadEntry {
602 silly tar     _events: [Object: null prototype] {},
602 silly tar     _eventsCount: 0,
602 silly tar     _maxListeners: undefined,
602 silly tar     pipes: [ [Pipe] ],
602 silly tar     buffer: [],
602 silly tar     writable: false,
602 silly tar     readable: false,
602 silly tar     extended: null,
602 silly tar     globalExtended: null,
602 silly tar     header: Header {
602 silly tar       cksumValid: true,
602 silly tar       needPax: false,
602 silly tar       nullBlock: false,
602 silly tar       block: null,
602 silly tar       path: 'package/package.json',
602 silly tar       mode: 420,
602 silly tar       uid: 501,
602 silly tar       gid: 20,
602 silly tar       size: 764,
602 silly tar       mtime: 2017-01-16T15:35:13.000Z,
602 silly tar       cksum: 5651,
602 silly tar       linkpath: '',
602 silly tar       uname: '',
602 silly tar       gname: '',
602 silly tar       devmaj: 0,
602 silly tar       devmin: 0,
602 silly tar       atime: null,
602 silly tar       ctime: null,
602 silly tar       [Symbol(type)]: '0'
602 silly tar     },
602 silly tar     startBlockSize: 1024,
602 silly tar     blockRemain: 0,
602 silly tar     remain: 0,
602 silly tar     type: 'File',
602 silly tar     meta: false,
602 silly tar     ignore: false,
602 silly tar     path: 'package.json',
602 silly tar     mode: 438,
602 silly tar     uid: 501,
602 silly tar     gid: 20,
602 silly tar     uname: '',
602 silly tar     gname: '',
602 silly tar     size: 764,
602 silly tar     mtime: 2017-01-16T15:35:13.000Z,
602 silly tar     atime: null,
602 silly tar     ctime: null,
602 silly tar     linkpath: '',
602 silly tar     absolute: '/home/devluca/bot-achadinhos/node_modules/object-assign/package.json',
602 silly tar     [Symbol(kCapture)]: false,
602 silly tar     [Symbol(flowing)]: true,
602 silly tar     [Symbol(paused)]: false,
602 silly tar     [Symbol(objectMode)]: false,
602 silly tar     [Symbol(encoding)]: null,
602 silly tar     [Symbol(async)]: false,
602 silly tar     [Symbol(decoder)]: null,
602 silly tar     [Symbol(EOF)]: true,
602 silly tar     [Symbol(emittedEnd)]: true,
602 silly tar     [Symbol(emittingEnd)]: false,
602 silly tar     [Symbol(closed)]: false,
602 silly tar     [Symbol(emittedError)]: null,
602 silly tar     [Symbol(bufferLength)]: 0,
602 silly tar     [Symbol(destroyed)]: false
602 silly tar   },
602 silly tar   cwd: '/home/devluca/bot-achadinhos/node_modules/object-assign',
602 silly tar   tarCode: 'TAR_ENTRY_ERROR'
602 silly tar }
603 warn tar TAR_ENTRY_ERROR EINVAL: invalid argument, fchown
604 silly tar TAR_ENTRY_ERROR EINVAL: invalid argument, fchown [Error: EINVAL: invalid argument, fchown] {
604 silly tar   errno: -22,
604 silly tar   code: 'EINVAL',
604 silly tar   syscall: 'fchown',
604 silly tar   entry: ReadEntry {
604 silly tar     _events: [Object: null prototype] {},
604 silly tar     _eventsCount: 0,
604 silly tar     _maxListeners: undefined,
604 silly tar     pipes: [ [Pipe] ],
604 silly tar     buffer: [],
604 silly tar     writable: false,
604 silly tar     readable: false,
604 silly tar     extended: null,
604 silly tar     globalExtended: null,
604 silly tar     header: Header {
604 silly tar       cksumValid: true,
604 silly tar       needPax: false,
604 silly tar       nullBlock: false,
604 silly tar       block: null,
604 silly tar       path: 'package/index.js',
604 silly tar       mode: 420,
604 silly tar       uid: 501,
604 silly tar       gid: 20,
604 silly tar       size: 381,
604 silly tar       mtime: 2017-09-20T00:00:26.000Z,
604 silly tar       cksum: 5254,
604 silly tar       linkpath: '',
604 silly tar       uname: '',
604 silly tar       gname: '',
604 silly tar       devmaj: 0,
604 silly tar       devmin: 0,
604 silly tar       atime: null,
604 silly tar       ctime: null,
604 silly tar       [Symbol(type)]: '0'
604 silly tar     },
604 silly tar     startBlockSize: 512,
604 silly tar     blockRemain: 0,
604 silly tar     remain: 0,
604 silly tar     type: 'File',
604 silly tar     meta: false,
604 silly tar     ignore: false,
604 silly tar     path: 'index.js',
604 silly tar     mode: 438,
604 silly tar     uid: 501,
604 silly tar     gid: 20,
604 silly tar     uname: '',
604 silly tar     gname: '',
604 silly tar     size: 381,
604 silly tar     mtime: 2017-09-20T00:00:26.000Z,
604 silly tar     atime: null,
604 silly tar     ctime: null,
604 silly tar     linkpath: '',
604 silly tar     absolute: '/home/devluca/bot-achadinhos/node_modules/utils-merge/index.js',
604 silly tar     [Symbol(kCapture)]: false,
604 silly tar     [Symbol(flowing)]: false,
604 silly tar     [Symbol(paused)]: true,
604 silly tar     [Symbol(objectMode)]: false,
604 silly tar     [Symbol(encoding)]: null,
604 silly tar     [Symbol(async)]: false,
604 silly tar     [Symbol(decoder)]: null,
604 silly tar     [Symbol(EOF)]: true,
604 silly tar     [Symbol(emittedEnd)]: true,
604 silly tar     [Symbol(emittingEnd)]: false,
604 silly tar     [Symbol(closed)]: false,
604 silly tar     [Symbol(emittedError)]: null,
604 silly tar     [Symbol(bufferLength)]: 0,
604 silly tar     [Symbol(destroyed)]: false
604 silly tar   },
604 silly tar   cwd: '/home/devluca/bot-achadinhos/node_modules/utils-merge',
604 silly tar   tarCode: 'TAR_ENTRY_ERROR'
604 silly tar }
605 warn tar TAR_ENTRY_ERROR EINVAL: invalid argument, fchown
606 silly tar TAR_ENTRY_ERROR EINVAL: invalid argument, fchown [Error: EINVAL: invalid argument, fchown] {
606 silly tar   errno: -22,
606 silly tar   code: 'EINVAL',
606 silly tar   syscall: 'fchown',
606 silly tar   entry: ReadEntry {
606 silly tar     _events: [Object: null prototype] {},
606 silly tar     _eventsCount: 0,
606 silly tar     _maxListeners: undefined,
606 silly tar     pipes: [ [Pipe] ],
606 silly tar     buffer: [],
606 silly tar     writable: false,
606 silly tar     readable: false,
606 silly tar     extended: null,
606 silly tar     globalExtended: null,
606 silly tar     header: Header {
606 silly tar       cksumValid: true,
606 silly tar       needPax: false,
606 silly tar       nullBlock: false,
606 silly tar       block: null,
606 silly tar       path: 'package/mime.js',
606 silly tar       mode: 420,
606 silly tar       uid: 501,
606 silly tar       gid: 20,
606 silly tar       size: 2726,
606 silly tar       mtime: 2017-11-25T00:17:40.000Z,
606 silly tar       cksum: 5137,
606 silly tar       linkpath: '',
606 silly tar       uname: '',
606 silly tar       gname: '',
606 silly tar       devmaj: 0,
606 silly tar       devmin: 0,
606 silly tar       atime: null,
606 silly tar       ctime: null,
606 silly tar       [Symbol(type)]: '0'
606 silly tar     },
606 silly tar     startBlockSize: 3072,
606 silly tar     blockRemain: 0,
606 silly tar     remain: 0,
606 silly tar     type: 'File',
606 silly tar     meta: false,
606 silly tar     ignore: false,
606 silly tar     path: 'mime.js',
606 silly tar     mode: 438,
606 silly tar     uid: 501,
606 silly tar     gid: 20,
606 silly tar     uname: '',
606 silly tar     gname: '',
606 silly tar     size: 2726,
606 silly tar     mtime: 2017-11-25T00:17:40.000Z,
606 silly tar     atime: null,
606 silly tar     ctime: null,
606 silly tar     linkpath: '',
606 silly tar     absolute: '/home/devluca/bot-achadinhos/node_modules/mime/mime.js',
606 silly tar     [Symbol(kCapture)]: false,
606 silly tar     [Symbol(flowing)]: true,
606 silly tar     [Symbol(paused)]: false,
606 silly tar     [Symbol(objectMode)]: false,
606 silly tar     [Symbol(encoding)]: null,
606 silly tar     [Symbol(async)]: false,
606 silly tar     [Symbol(decoder)]: null,
606 silly tar     [Symbol(EOF)]: true,
606 silly tar     [Symbol(emittedEnd)]: true,
606 silly tar     [Symbol(emittingEnd)]: false,
606 silly tar     [Symbol(closed)]: false,
606 silly tar     [Symbol(emittedError)]: null,
606 silly tar     [Symbol(bufferLength)]: 0,
606 silly tar     [Symbol(destroyed)]: false
606 silly tar   },
606 silly tar   cwd: '/home/devluca/bot-achadinhos/node_modules/mime',
606 silly tar   tarCode: 'TAR_ENTRY_ERROR'
606 silly tar }
607 warn tar TAR_ENTRY_ERROR EINVAL: invalid argument, fchown
608 silly tar TAR_ENTRY_ERROR EINVAL: invalid argument, fchown [Error: EINVAL: invalid argument, fchown] {
608 silly tar   errno: -22,
608 silly tar   code: 'EINVAL',
608 silly tar   syscall: 'fchown',
608 silly tar   entry: ReadEntry {
608 silly tar     _events: [Object: null prototype] {},
608 silly tar     _eventsCount: 0,
608 silly tar     _maxListeners: undefined,
608 silly tar     pipes: [ [Pipe] ],
608 silly tar     buffer: [],
608 silly tar     writable: false,
608 silly tar     readable: false,
608 silly tar     extended: null,
608 silly tar     globalExtended: null,
608 silly tar     header: Header {
608 silly tar       cksumValid: true,
608 silly tar       needPax: false,
608 silly tar       nullBlock: false,
608 silly tar       block: null,
608 silly tar       path: 'package/license.md',
608 silly tar       mode: 420,
608 silly tar       uid: 501,
608 silly tar       gid: 20,
608 silly tar       size: 1077,
608 silly tar       mtime: 2017-05-16T12:22:00.000Z,
608 silly tar       cksum: 5444,
608 silly tar       linkpath: '',
608 silly tar       uname: '',
608 silly tar       gname: '',
608 silly tar       devmaj: 0,
608 silly tar       devmin: 0,
608 silly tar       atime: null,
608 silly tar       ctime: null,
608 silly tar       [Symbol(type)]: '0'
608 silly tar     },
608 silly tar     startBlockSize: 1536,
608 silly tar     blockRemain: 0,
608 silly tar     remain: 0,
608 silly tar     type: 'File',
608 silly tar     meta: false,
608 silly tar     ignore: false,
608 silly tar     path: 'license.md',
608 silly tar     mode: 438,
608 silly tar     uid: 501,
608 silly tar     gid: 20,
608 silly tar     uname: '',
608 silly tar     gname: '',
608 silly tar     size: 1077,
608 silly tar     mtime: 2017-05-16T12:22:00.000Z,
608 silly tar     atime: null,
608 silly tar     ctime: null,
608 silly tar     linkpath: '',
608 silly tar     absolute: '/home/devluca/bot-achadinhos/node_modules/ms/license.md',
608 silly tar     [Symbol(kCapture)]: false,
608 silly tar     [Symbol(flowing)]: true,
608 silly tar     [Symbol(paused)]: false,
608 silly tar     [Symbol(objectMode)]: false,
608 silly tar     [Symbol(encoding)]: null,
608 silly tar     [Symbol(async)]: false,
608 silly tar     [Symbol(decoder)]: null,
608 silly tar     [Symbol(EOF)]: true,
608 silly tar     [Symbol(emittedEnd)]: true,
608 silly tar     [Symbol(emittingEnd)]: false,
608 silly tar     [Symbol(closed)]: false,
608 silly tar     [Symbol(emittedError)]: null,
608 silly tar     [Symbol(bufferLength)]: 0,
608 silly tar     [Symbol(destroyed)]: false
608 silly tar   },
608 silly tar   cwd: '/home/devluca/bot-achadinhos/node_modules/ms',
608 silly tar   tarCode: 'TAR_ENTRY_ERROR'
608 silly tar }
609 warn tar TAR_ENTRY_ERROR EINVAL: invalid argument, fchown
610 silly tar TAR_ENTRY_ERROR EINVAL: invalid argument, fchown [Error: EINVAL: invalid argument, fchown] {
610 silly tar   errno: -22,
610 silly tar   code: 'EINVAL',
610 silly tar   syscall: 'fchown',
610 silly tar   entry: ReadEntry {
610 silly tar     _events: [Object: null prototype] {},
610 silly tar     _eventsCount: 0,
610 silly tar     _maxListeners: undefined,
610 silly tar     pipes: [ [Pipe] ],
610 silly tar     buffer: [],
610 silly tar     writable: false,
610 silly tar     readable: false,
610 silly tar     extended: null,
610 silly tar     globalExtended: null,
610 silly tar     header: Header {
610 silly tar       cksumValid: true,
610 silly tar       needPax: false,
610 silly tar       nullBlock: false,
610 silly tar       block: null,
610 silly tar       path: 'package/README.md',
610 silly tar       mode: 420,
610 silly tar       uid: 501,
610 silly tar       gid: 20,
610 silly tar       size: 1245,
610 silly tar       mtime: 2015-05-09T21:45:17.000Z,
610 silly tar       cksum: 5146,
610 silly tar       linkpath: '',
610 silly tar       uname: '',
610 silly tar       gname: '',
610 silly tar       devmaj: 0,
610 silly tar       devmin: 0,
610 silly tar       atime: null,
610 silly tar       ctime: null,
610 silly tar       [Symbol(type)]: '0'
610 silly tar     },
610 silly tar     startBlockSize: 1536,
610 silly tar     blockRemain: 0,
610 silly tar     remain: 0,
610 silly tar     type: 'File',
610 silly tar     meta: false,
610 silly tar     ignore: false,
610 silly tar     path: 'README.md',
610 silly tar     mode: 438,
610 silly tar     uid: 501,
610 silly tar     gid: 20,
610 silly tar     uname: '',
610 silly tar     gname: '',
610 silly tar     size: 1245,
610 silly tar     mtime: 2015-05-09T21:45:17.000Z,
610 silly tar     atime: null,
610 silly tar     ctime: null,
610 silly tar     linkpath: '',
610 silly tar     absolute: '/home/devluca/bot-achadinhos/node_modules/array-flatten/README.md',
610 silly tar     [Symbol(kCapture)]: false,
610 silly tar     [Symbol(flowing)]: false,
610 silly tar     [Symbol(paused)]: true,
610 silly tar     [Symbol(objectMode)]: false,
610 silly tar     [Symbol(encoding)]: null,
610 silly tar     [Symbol(async)]: false,
610 silly tar     [Symbol(decoder)]: null,
610 silly tar     [Symbol(EOF)]: true,
610 silly tar     [Symbol(emittedEnd)]: true,
610 silly tar     [Symbol(emittingEnd)]: false,
610 silly tar     [Symbol(closed)]: false,
610 silly tar     [Symbol(emittedError)]: null,
610 silly tar     [Symbol(bufferLength)]: 0,
610 silly tar     [Symbol(destroyed)]: false
610 silly tar   },
610 silly tar   cwd: '/home/devluca/bot-achadinhos/node_modules/array-flatten',
610 silly tar   tarCode: 'TAR_ENTRY_ERROR'
610 silly tar }
611 warn tar TAR_ENTRY_ERROR EINVAL: invalid argument, fchown
612 silly tar TAR_ENTRY_ERROR EINVAL: invalid argument, fchown [Error: EINVAL: invalid argument, fchown] {
612 silly tar   errno: -22,
612 silly tar   code: 'EINVAL',
612 silly tar   syscall: 'fchown',
612 silly tar   entry: ReadEntry {
612 silly tar     _events: [Object: null prototype] {},
612 silly tar     _eventsCount: 0,
612 silly tar     _maxListeners: undefined,
612 silly tar     pipes: [ [Pipe] ],
612 silly tar     buffer: [],
612 silly tar     writable: false,
612 silly tar     readable: false,
612 silly tar     extended: null,
612 silly tar     globalExtended: null,
612 silly tar     header: Header {
612 silly tar       cksumValid: true,
612 silly tar       needPax: false,
612 silly tar       nullBlock: false,
612 silly tar       block: null,
612 silly tar       path: 'package/index.js',
612 silly tar       mode: 420,
612 silly tar       uid: 501,
612 silly tar       gid: 20,
612 silly tar       size: 2108,
612 silly tar       mtime: 2017-01-16T15:33:53.000Z,
612 silly tar       cksum: 5254,
612 silly tar       linkpath: '',
612 silly tar       uname: '',
612 silly tar       gname: '',
612 silly tar       devmaj: 0,
612 silly tar       devmin: 0,
612 silly tar       atime: null,
612 silly tar       ctime: null,
612 silly tar       [Symbol(type)]: '0'
612 silly tar     },
612 silly tar     startBlockSize: 2560,
612 silly tar     blockRemain: 0,
612 silly tar     remain: 0,
612 silly tar     type: 'File',
612 silly tar     meta: false,
612 silly tar     ignore: false,
612 silly tar     path: 'index.js',
612 silly tar     mode: 438,
612 silly tar     uid: 501,
612 silly tar     gid: 20,
612 silly tar     uname: '',
612 silly tar     gname: '',
612 silly tar     size: 2108,
612 silly tar     mtime: 2017-01-16T15:33:53.000Z,
612 silly tar     atime: null,
612 silly tar     ctime: null,
612 silly tar     linkpath: '',
612 silly tar     absolute: '/home/devluca/bot-achadinhos/node_modules/object-assign/index.js',
612 silly tar     [Symbol(kCapture)]: false,
612 silly tar     [Symbol(flowing)]: false,
612 silly tar     [Symbol(paused)]: true,
612 silly tar     [Symbol(objectMode)]: false,
612 silly tar     [Symbol(encoding)]: null,
612 silly tar     [Symbol(async)]: false,
612 silly tar     [Symbol(decoder)]: null,
612 silly tar     [Symbol(EOF)]: true,
612 silly tar     [Symbol(emittedEnd)]: true,
612 silly tar     [Symbol(emittingEnd)]: false,
612 silly tar     [Symbol(closed)]: false,
612 silly tar     [Symbol(emittedError)]: null,
612 silly tar     [Symbol(bufferLength)]: 0,
612 silly tar     [Symbol(destroyed)]: false
612 silly tar   },
612 silly tar   cwd: '/home/devluca/bot-achadinhos/node_modules/object-assign',
612 silly tar   tarCode: 'TAR_ENTRY_ERROR'
612 silly tar }
613 warn tar TAR_ENTRY_ERROR EINVAL: invalid argument, fchown
614 silly tar TAR_ENTRY_ERROR EINVAL: invalid argument, fchown [Error: EINVAL: invalid argument, fchown] {
614 silly tar   errno: -22,
614 silly tar   code: 'EINVAL',
614 silly tar   syscall: 'fchown',
614 silly tar   entry: ReadEntry {
614 silly tar     _events: [Object: null prototype] {},
614 silly tar     _eventsCount: 0,
614 silly tar     _maxListeners: undefined,
614 silly tar     pipes: [ [Pipe] ],
614 silly tar     buffer: [],
614 silly tar     writable: false,
614 silly tar     readable: false,
614 silly tar     extended: null,
614 silly tar     globalExtended: null,
614 silly tar     header: Header {
614 silly tar       cksumValid: true,
614 silly tar       needPax: false,
614 silly tar       nullBlock: false,
614 silly tar       block: null,
614 silly tar       path: 'package/LICENSE',
614 silly tar       mode: 420,
614 silly tar       uid: 501,
614 silly tar       gid: 20,
614 silly tar       size: 1103,
614 silly tar       mtime: 2014-03-15T17:35:20.000Z,
614 silly tar       cksum: 4950,
614 silly tar       linkpath: '',
614 silly tar       uname: '',
614 silly tar       gname: '',
614 silly tar       devmaj: 0,
614 silly tar       devmin: 0,
614 silly tar       atime: null,
614 silly tar       ctime: null,
614 silly tar       [Symbol(type)]: '0'
614 silly tar     },
614 silly tar     startBlockSize: 1536,
614 silly tar     blockRemain: 0,
614 silly tar     remain: 0,
614 silly tar     type: 'File',
614 silly tar     meta: false,
614 silly tar     ignore: false,
614 silly tar     path: 'LICENSE',
614 silly tar     mode: 438,
614 silly tar     uid: 501,
614 silly tar     gid: 20,
614 silly tar     uname: '',
614 silly tar     gname: '',
614 silly tar     size: 1103,
614 silly tar     mtime: 2014-03-15T17:35:20.000Z,
614 silly tar     atime: null,
614 silly tar     ctime: null,
614 silly tar     linkpath: '',
614 silly tar     absolute: '/home/devluca/bot-achadinhos/node_modules/array-flatten/LICENSE',
614 silly tar     [Symbol(kCapture)]: false,
614 silly tar     [Symbol(flowing)]: false,
614 silly tar     [Symbol(paused)]: true,
614 silly tar     [Symbol(objectMode)]: false,
614 silly tar     [Symbol(encoding)]: null,
614 silly tar     [Symbol(async)]: false,
614 silly tar     [Symbol(decoder)]: null,
614 silly tar     [Symbol(EOF)]: true,
614 silly tar     [Symbol(emittedEnd)]: true,
614 silly tar     [Symbol(emittingEnd)]: false,
614 silly tar     [Symbol(closed)]: false,
614 silly tar     [Symbol(emittedError)]: null,
614 silly tar     [Symbol(bufferLength)]: 0,
614 silly tar     [Symbol(destroyed)]: false
614 silly tar   },
614 silly tar   cwd: '/home/devluca/bot-achadinhos/node_modules/array-flatten',
614 silly tar   tarCode: 'TAR_ENTRY_ERROR'
614 silly tar }
615 http fetch GET 200 https://registry.npmjs.org/cookie-signature/-/cookie-signature-1.0.7.tgz 1859ms (cache miss)
616 timing reifyNode:node_modules/cookie-signature Completed in 2205ms
617 http fetch GET 200 https://registry.npmjs.org/has-flag/-/has-flag-3.0.0.tgz 2151ms (cache miss)
618 timing reifyNode:node_modules/has-flag Completed in 2240ms
619 http fetch GET 200 https://registry.npmjs.org/ignore-by-default/-/ignore-by-default-1.0.1.tgz 2039ms (cache miss)
620 timing reifyNode:node_modules/ignore-by-default Completed in 2240ms
621 http fetch GET 200 https://registry.npmjs.org/unpipe/-/unpipe-1.0.0.tgz 2032ms (cache miss)
622 timing reifyNode:node_modules/unpipe Completed in 2262ms
623 warn tar TAR_ENTRY_ERROR EINVAL: invalid argument, fchown
624 silly tar TAR_ENTRY_ERROR EINVAL: invalid argument, fchown [Error: EINVAL: invalid argument, fchown] {
624 silly tar   errno: -22,
624 silly tar   code: 'EINVAL',
624 silly tar   syscall: 'fchown',
624 silly tar   entry: ReadEntry {
624 silly tar     _events: [Object: null prototype] {},
624 silly tar     _eventsCount: 0,
624 silly tar     _maxListeners: undefined,
624 silly tar     pipes: [ [Pipe] ],
624 silly tar     buffer: [],
624 silly tar     writable: false,
624 silly tar     readable: false,
624 silly tar     extended: null,
624 silly tar     globalExtended: null,
624 silly tar     header: Header {
624 silly tar       cksumValid: true,
624 silly tar       needPax: false,
624 silly tar       nullBlock: false,
624 silly tar       block: null,
624 silly tar       path: 'package/cli.js',
624 silly tar       mode: 493,
624 silly tar       uid: 501,
624 silly tar       gid: 20,
624 silly tar       size: 149,
624 silly tar       mtime: 2017-11-25T00:17:40.000Z,
624 silly tar       cksum: 5020,
624 silly tar       linkpath: '',
624 silly tar       uname: '',
624 silly tar       gname: '',
624 silly tar       devmaj: 0,
624 silly tar       devmin: 0,
624 silly tar       atime: null,
624 silly tar       ctime: null,
624 silly tar       [Symbol(type)]: '0'
624 silly tar     },
624 silly tar     startBlockSize: 512,
624 silly tar     blockRemain: 0,
624 silly tar     remain: 0,
624 silly tar     type: 'File',
624 silly tar     meta: false,
624 silly tar     ignore: false,
624 silly tar     path: 'cli.js',
624 silly tar     mode: 511,
624 silly tar     uid: 501,
624 silly tar     gid: 20,
624 silly tar     uname: '',
624 silly tar     gname: '',
624 silly tar     size: 149,
624 silly tar     mtime: 2017-11-25T00:17:40.000Z,
624 silly tar     atime: null,
624 silly tar     ctime: null,
624 silly tar     linkpath: '',
624 silly tar     absolute: '/home/devluca/bot-achadinhos/node_modules/mime/cli.js',
624 silly tar     [Symbol(kCapture)]: false,
624 silly tar     [Symbol(flowing)]: false,
624 silly tar     [Symbol(paused)]: true,
624 silly tar     [Symbol(objectMode)]: false,
624 silly tar     [Symbol(encoding)]: null,
624 silly tar     [Symbol(async)]: false,
624 silly tar     [Symbol(decoder)]: null,
624 silly tar     [Symbol(EOF)]: true,
624 silly tar     [Symbol(emittedEnd)]: true,
624 silly tar     [Symbol(emittingEnd)]: false,
624 silly tar     [Symbol(closed)]: false,
624 silly tar     [Symbol(emittedError)]: null,
624 silly tar     [Symbol(bufferLength)]: 0,
624 silly tar     [Symbol(destroyed)]: false
624 silly tar   },
624 silly tar   cwd: '/home/devluca/bot-achadinhos/node_modules/mime',
624 silly tar   tarCode: 'TAR_ENTRY_ERROR'
624 silly tar }
625 warn tar TAR_ENTRY_ERROR EINVAL: invalid argument, fchown
626 silly tar TAR_ENTRY_ERROR EINVAL: invalid argument, fchown [Error: EINVAL: invalid argument, fchown] {
626 silly tar   errno: -22,
626 silly tar   code: 'EINVAL',
626 silly tar   syscall: 'fchown',
626 silly tar   entry: ReadEntry {
626 silly tar     _events: [Object: null prototype] {},
626 silly tar     _eventsCount: 0,
626 silly tar     _maxListeners: undefined,
626 silly tar     pipes: [ [Pipe] ],
626 silly tar     buffer: [],
626 silly tar     writable: false,
626 silly tar     readable: false,
626 silly tar     extended: null,
626 silly tar     globalExtended: null,
626 silly tar     header: Header {
626 silly tar       cksumValid: true,
626 silly tar       needPax: false,
626 silly tar       nullBlock: false,
626 silly tar       block: null,
626 silly tar       path: 'package/readme.md',
626 silly tar       mode: 420,
626 silly tar       uid: 501,
626 silly tar       gid: 20,
626 silly tar       size: 1721,
626 silly tar       mtime: 2017-05-16T12:24:53.000Z,
626 silly tar       cksum: 5332,
626 silly tar       linkpath: '',
626 silly tar       uname: '',
626 silly tar       gname: '',
626 silly tar       devmaj: 0,
626 silly tar       devmin: 0,
626 silly tar       atime: null,
626 silly tar       ctime: null,
626 silly tar       [Symbol(type)]: '0'
626 silly tar     },
626 silly tar     startBlockSize: 2048,
626 silly tar     blockRemain: 0,
626 silly tar     remain: 0,
626 silly tar     type: 'File',
626 silly tar     meta: false,
626 silly tar     ignore: false,
626 silly tar     path: 'readme.md',
626 silly tar     mode: 438,
626 silly tar     uid: 501,
626 silly tar     gid: 20,
626 silly tar     uname: '',
626 silly tar     gname: '',
626 silly tar     size: 1721,
626 silly tar     mtime: 2017-05-16T12:24:53.000Z,
626 silly tar     atime: null,
626 silly tar     ctime: null,
626 silly tar     linkpath: '',
626 silly tar     absolute: '/home/devluca/bot-achadinhos/node_modules/ms/readme.md',
626 silly tar     [Symbol(kCapture)]: false,
626 silly tar     [Symbol(flowing)]: false,
626 silly tar     [Symbol(paused)]: true,
626 silly tar     [Symbol(objectMode)]: false,
626 silly tar     [Symbol(encoding)]: null,
626 silly tar     [Symbol(async)]: false,
626 silly tar     [Symbol(decoder)]: null,
626 silly tar     [Symbol(EOF)]: true,
626 silly tar     [Symbol(emittedEnd)]: true,
626 silly tar     [Symbol(emittingEnd)]: false,
626 silly tar     [Symbol(closed)]: false,
626 silly tar     [Symbol(emittedError)]: null,
626 silly tar     [Symbol(bufferLength)]: 0,
626 silly tar     [Symbol(destroyed)]: false
626 silly tar   },
626 silly tar   cwd: '/home/devluca/bot-achadinhos/node_modules/ms',
626 silly tar   tarCode: 'TAR_ENTRY_ERROR'
626 silly tar }
627 warn tar TAR_ENTRY_ERROR EINVAL: invalid argument, fchown
628 silly tar TAR_ENTRY_ERROR EINVAL: invalid argument, fchown [Error: EINVAL: invalid argument, fchown] {
628 silly tar   errno: -22,
628 silly tar   code: 'EINVAL',
628 silly tar   syscall: 'fchown',
628 silly tar   entry: ReadEntry {
628 silly tar     _events: [Object: null prototype] {},
628 silly tar     _eventsCount: 0,
628 silly tar     _maxListeners: undefined,
628 silly tar     pipes: [ [Pipe] ],
628 silly tar     buffer: [],
628 silly tar     writable: false,
628 silly tar     readable: false,
628 silly tar     extended: null,
628 silly tar     globalExtended: null,
628 silly tar     header: Header {
628 silly tar       cksumValid: true,
628 silly tar       needPax: false,
628 silly tar       nullBlock: false,
628 silly tar       block: null,
628 silly tar       path: 'package/array-flatten.js',
628 silly tar       mode: 420,
628 silly tar       uid: 501,
628 silly tar       gid: 20,
628 silly tar       size: 1195,
628 silly tar       mtime: 2015-07-09T21:41:17.000Z,
628 silly tar       cksum: 6065,
628 silly tar       linkpath: '',
628 silly tar       uname: '',
628 silly tar       gname: '',
628 silly tar       devmaj: 0,
628 silly tar       devmin: 0,
628 silly tar       atime: null,
628 silly tar       ctime: null,
628 silly tar       [Symbol(type)]: '0'
628 silly tar     },
628 silly tar     startBlockSize: 1536,
628 silly tar     blockRemain: 0,
628 silly tar     remain: 0,
628 silly tar     type: 'File',
628 silly tar     meta: false,
628 silly tar     ignore: false,
628 silly tar     path: 'array-flatten.js',
628 silly tar     mode: 438,
628 silly tar     uid: 501,
628 silly tar     gid: 20,
628 silly tar     uname: '',
628 silly tar     gname: '',
628 silly tar     size: 1195,
628 silly tar     mtime: 2015-07-09T21:41:17.000Z,
628 silly tar     atime: null,
628 silly tar     ctime: null,
628 silly tar     linkpath: '',
628 silly tar     absolute: '/home/devluca/bot-achadinhos/node_modules/array-flatten/array-flatten.js',
628 silly tar     [Symbol(kCapture)]: false,
628 silly tar     [Symbol(flowing)]: false,
628 silly tar     [Symbol(paused)]: true,
628 silly tar     [Symbol(objectMode)]: false,
628 silly tar     [Symbol(encoding)]: null,
628 silly tar     [Symbol(async)]: false,
628 silly tar     [Symbol(decoder)]: null,
628 silly tar     [Symbol(EOF)]: true,
628 silly tar     [Symbol(emittedEnd)]: true,
628 silly tar     [Symbol(emittingEnd)]: false,
628 silly tar     [Symbol(closed)]: false,
628 silly tar     [Symbol(emittedError)]: null,
628 silly tar     [Symbol(bufferLength)]: 0,
628 silly tar     [Symbol(destroyed)]: false
628 silly tar   },
628 silly tar   cwd: '/home/devluca/bot-achadinhos/node_modules/array-flatten',
628 silly tar   tarCode: 'TAR_ENTRY_ERROR'
628 silly tar }
629 warn tar TAR_ENTRY_ERROR EINVAL: invalid argument, fchown
630 silly tar TAR_ENTRY_ERROR EINVAL: invalid argument, fchown [Error: EINVAL: invalid argument, fchown] {
630 silly tar   errno: -22,
630 silly tar   code: 'EINVAL',
630 silly tar   syscall: 'fchown',
630 silly tar   entry: ReadEntry {
630 silly tar     _events: [Object: null prototype] {},
630 silly tar     _eventsCount: 0,
630 silly tar     _maxListeners: undefined,
630 silly tar     pipes: [ [Pipe] ],
630 silly tar     buffer: [],
630 silly tar     writable: false,
630 silly tar     readable: false,
630 silly tar     extended: null,
630 silly tar     globalExtended: null,
630 silly tar     header: Header {
630 silly tar       cksumValid: true,
630 silly tar       needPax: false,
630 silly tar       nullBlock: false,
630 silly tar       block: null,
630 silly tar       path: 'package/README.md',
630 silly tar       mode: 420,
630 silly tar       uid: 501,
630 silly tar       gid: 20,
630 silly tar       size: 17918,
630 silly tar       mtime: 2017-09-22T13:29:26.000Z,
630 silly tar       cksum: 5138,
630 silly tar       linkpath: '',
630 silly tar       uname: '',
630 silly tar       gname: '',
630 silly tar       devmaj: 0,
630 silly tar       devmin: 0,
630 silly tar       atime: null,
630 silly tar       ctime: null,
630 silly tar       [Symbol(type)]: '0'
630 silly tar     },
630 silly tar     startBlockSize: 17920,
630 silly tar     blockRemain: 0,
630 silly tar     remain: 0,
630 silly tar     type: 'File',
630 silly tar     meta: false,
630 silly tar     ignore: false,
630 silly tar     path: 'README.md',
630 silly tar     mode: 438,
630 silly tar     uid: 501,
630 silly tar     gid: 20,
630 silly tar     uname: '',
630 silly tar     gname: '',
630 silly tar     size: 17918,
630 silly tar     mtime: 2017-09-22T13:29:26.000Z,
630 silly tar     atime: null,
630 silly tar     ctime: null,
630 silly tar     linkpath: '',
630 silly tar     absolute: '/home/devluca/bot-achadinhos/node_modules/debug/README.md',
630 silly tar     [Symbol(kCapture)]: false,
630 silly tar     [Symbol(flowing)]: true,
630 silly tar     [Symbol(paused)]: false,
630 silly tar     [Symbol(objectMode)]: false,
630 silly tar     [Symbol(encoding)]: null,
630 silly tar     [Symbol(async)]: false,
630 silly tar     [Symbol(decoder)]: null,
630 silly tar     [Symbol(EOF)]: true,
630 silly tar     [Symbol(emittedEnd)]: true,
630 silly tar     [Symbol(emittingEnd)]: false,
630 silly tar     [Symbol(closed)]: false,
630 silly tar     [Symbol(emittedError)]: null,
630 silly tar     [Symbol(bufferLength)]: 0,
630 silly tar     [Symbol(destroyed)]: false
630 silly tar   },
630 silly tar   cwd: '/home/devluca/bot-achadinhos/node_modules/debug',
630 silly tar   tarCode: 'TAR_ENTRY_ERROR'
630 silly tar }
631 warn tar TAR_ENTRY_ERROR EINVAL: invalid argument, fchown
632 silly tar TAR_ENTRY_ERROR EINVAL: invalid argument, fchown [Error: EINVAL: invalid argument, fchown] {
632 silly tar   errno: -22,
632 silly tar   code: 'EINVAL',
632 silly tar   syscall: 'fchown',
632 silly tar   entry: ReadEntry {
632 silly tar     _events: [Object: null prototype] {},
632 silly tar     _eventsCount: 0,
632 silly tar     _maxListeners: undefined,
632 silly tar     pipes: [ [Pipe] ],
632 silly tar     buffer: [],
632 silly tar     writable: false,
632 silly tar     readable: false,
632 silly tar     extended: null,
632 silly tar     globalExtended: null,
632 silly tar     header: Header {
632 silly tar       cksumValid: true,
632 silly tar       needPax: false,
632 silly tar       nullBlock: false,
632 silly tar       block: null,
632 silly tar       path: 'package/license',
632 silly tar       mode: 420,
632 silly tar       uid: 501,
632 silly tar       gid: 20,
632 silly tar       size: 1119,
632 silly tar       mtime: 2016-10-25T18:53:44.000Z,
632 silly tar       cksum: 5180,
632 silly tar       linkpath: '',
632 silly tar       uname: '',
632 silly tar       gname: '',
632 silly tar       devmaj: 0,
632 silly tar       devmin: 0,
632 silly tar       atime: null,
632 silly tar       ctime: null,
632 silly tar       [Symbol(type)]: '0'
632 silly tar     },
632 silly tar     startBlockSize: 1536,
632 silly tar     blockRemain: 0,
632 silly tar     remain: 0,
632 silly tar     type: 'File',
632 silly tar     meta: false,
632 silly tar     ignore: false,
632 silly tar     path: 'license',
632 silly tar     mode: 438,
632 silly tar     uid: 501,
632 silly tar     gid: 20,
632 silly tar     uname: '',
632 silly tar     gname: '',
632 silly tar     size: 1119,
632 silly tar     mtime: 2016-10-25T18:53:44.000Z,
632 silly tar     atime: null,
632 silly tar     ctime: null,
632 silly tar     linkpath: '',
632 silly tar     absolute: '/home/devluca/bot-achadinhos/node_modules/object-assign/license',
632 silly tar     [Symbol(kCapture)]: false,
632 silly tar     [Symbol(flowing)]: true,
632 silly tar     [Symbol(paused)]: false,
632 silly tar     [Symbol(objectMode)]: false,
632 silly tar     [Symbol(encoding)]: null,
632 silly tar     [Symbol(async)]: false,
632 silly tar     [Symbol(decoder)]: null,
632 silly tar     [Symbol(EOF)]: true,
632 silly tar     [Symbol(emittedEnd)]: true,
632 silly tar     [Symbol(emittingEnd)]: false,
632 silly tar     [Symbol(closed)]: false,
632 silly tar     [Symbol(emittedError)]: null,
632 silly tar     [Symbol(bufferLength)]: 0,
632 silly tar     [Symbol(destroyed)]: false
632 silly tar   },
632 silly tar   cwd: '/home/devluca/bot-achadinhos/node_modules/object-assign',
632 silly tar   tarCode: 'TAR_ENTRY_ERROR'
632 silly tar }
633 http fetch GET 200 https://registry.npmjs.org/merge-descriptors/-/merge-descriptors-1.0.3.tgz 1949ms (cache miss)
634 timing reifyNode:node_modules/merge-descriptors Completed in 2274ms
635 http fetch GET 200 https://registry.npmjs.org/mime-types/-/mime-types-2.1.35.tgz 2036ms (cache miss)
636 timing reifyNode:node_modules/mime-types Completed in 2277ms
637 http fetch GET 200 https://registry.npmjs.org/is-binary-path/-/is-binary-path-2.1.0.tgz 2120ms (cache miss)
638 timing reifyNode:node_modules/is-binary-path Completed in 2291ms
639 http fetch GET 200 https://registry.npmjs.org/undefsafe/-/undefsafe-2.0.5.tgz 2115ms (cache miss)
640 http fetch GET 200 https://registry.npmjs.org/is-number/-/is-number-7.0.0.tgz 2213ms (cache miss)
641 timing reifyNode:node_modules/is-number Completed in 2300ms
642 http fetch GET 200 https://registry.npmjs.org/etag/-/etag-1.8.1.tgz 1959ms (cache miss)
643 timing reifyNode:node_modules/etag Completed in 2293ms
644 http fetch GET 200 https://registry.npmjs.org/ee-first/-/ee-first-1.1.1.tgz 2177ms (cache miss)
645 timing reifyNode:node_modules/ee-first Completed in 2317ms
646 http fetch GET 200 https://registry.npmjs.org/type-is/-/type-is-1.6.18.tgz 2072ms (cache miss)
647 timing reifyNode:node_modules/type-is Completed in 2315ms
648 http fetch GET 200 https://registry.npmjs.org/utils-merge/-/utils-merge-1.0.1.tgz 2075ms (cache miss)
649 timing reifyNode:node_modules/utils-merge Completed in 2316ms
650 http fetch GET 200 https://registry.npmjs.org/setprototypeof/-/setprototypeof-1.2.0.tgz 2070ms (cache miss)
651 timing reifyNode:node_modules/setprototypeof Completed in 2318ms
652 http fetch GET 200 https://registry.npmjs.org/forwarded/-/forwarded-0.2.0.tgz 2185ms (cache miss)
653 timing reifyNode:node_modules/forwarded Completed in 2323ms
654 http fetch GET 200 https://registry.npmjs.org/on-finished/-/on-finished-2.4.1.tgz 2006ms (cache miss)
655 timing reifyNode:node_modules/on-finished Completed in 2322ms
656 http fetch GET 200 https://registry.npmjs.org/toidentifier/-/toidentifier-1.0.1.tgz 2105ms (cache miss)
657 timing reifyNode:node_modules/toidentifier Completed in 2325ms
658 warn tar TAR_ENTRY_ERROR EINVAL: invalid argument, fchown
659 silly tar TAR_ENTRY_ERROR EINVAL: invalid argument, fchown [Error: EINVAL: invalid argument, fchown] {
659 silly tar   errno: -22,
659 silly tar   code: 'EINVAL',
659 silly tar   syscall: 'fchown',
659 silly tar   entry: ReadEntry {
659 silly tar     _events: [Object: null prototype] { drain: [Function] },
659 silly tar     _eventsCount: 1,
659 silly tar     _maxListeners: undefined,
659 silly tar     pipes: [ [Pipe] ],
659 silly tar     buffer: [],
659 silly tar     writable: false,
659 silly tar     readable: false,
659 silly tar     extended: null,
659 silly tar     globalExtended: null,
659 silly tar     header: Header {
659 silly tar       cksumValid: true,
659 silly tar       needPax: false,
659 silly tar       nullBlock: false,
659 silly tar       block: null,
659 silly tar       path: 'package/CHANGELOG.md',
659 silly tar       mode: 420,
659 silly tar       uid: 501,
659 silly tar       gid: 20,
659 silly tar       size: 9473,
659 silly tar       mtime: 2017-11-25T00:52:48.000Z,
659 silly tar       cksum: 5342,
659 silly tar       linkpath: '',
659 silly tar       uname: '',
659 silly tar       gname: '',
659 silly tar       devmaj: 0,
659 silly tar       devmin: 0,
659 silly tar       atime: null,
659 silly tar       ctime: null,
659 silly tar       [Symbol(type)]: '0'
659 silly tar     },
659 silly tar     startBlockSize: 9728,
659 silly tar     blockRemain: 0,
659 silly tar     remain: 0,
659 silly tar     type: 'File',
659 silly tar     meta: false,
659 silly tar     ignore: false,
659 silly tar     path: 'CHANGELOG.md',
659 silly tar     mode: 438,
659 silly tar     uid: 501,
659 silly tar     gid: 20,
659 silly tar     uname: '',
659 silly tar     gname: '',
659 silly tar     size: 9473,
659 silly tar     mtime: 2017-11-25T00:52:48.000Z,
659 silly tar     atime: null,
659 silly tar     ctime: null,
659 silly tar     linkpath: '',
659 silly tar     absolute: '/home/devluca/bot-achadinhos/node_modules/mime/CHANGELOG.md',
659 silly tar     [Symbol(kCapture)]: false,
659 silly tar     [Symbol(flowing)]: true,
659 silly tar     [Symbol(paused)]: false,
659 silly tar     [Symbol(objectMode)]: false,
659 silly tar     [Symbol(encoding)]: null,
659 silly tar     [Symbol(async)]: false,
659 silly tar     [Symbol(decoder)]: null,
659 silly tar     [Symbol(EOF)]: true,
659 silly tar     [Symbol(emittedEnd)]: true,
659 silly tar     [Symbol(emittingEnd)]: false,
659 silly tar     [Symbol(closed)]: false,
659 silly tar     [Symbol(emittedError)]: null,
659 silly tar     [Symbol(bufferLength)]: 0,
659 silly tar     [Symbol(destroyed)]: false
659 silly tar   },
659 silly tar   cwd: '/home/devluca/bot-achadinhos/node_modules/mime',
659 silly tar   tarCode: 'TAR_ENTRY_ERROR'
659 silly tar }
660 warn tar TAR_ENTRY_ERROR EINVAL: invalid argument, fchown
661 silly tar TAR_ENTRY_ERROR EINVAL: invalid argument, fchown [Error: EINVAL: invalid argument, fchown] {
661 silly tar   errno: -22,
661 silly tar   code: 'EINVAL',
661 silly tar   syscall: 'fchown',
661 silly tar   entry: ReadEntry {
661 silly tar     _events: [Object: null prototype] {},
661 silly tar     _eventsCount: 0,
661 silly tar     _maxListeners: undefined,
661 silly tar     pipes: [ [Pipe] ],
661 silly tar     buffer: [],
661 silly tar     writable: false,
661 silly tar     readable: false,
661 silly tar     extended: null,
661 silly tar     globalExtended: null,
661 silly tar     header: Header {
661 silly tar       cksumValid: true,
661 silly tar       needPax: false,
661 silly tar       nullBlock: false,
661 silly tar       block: null,
661 silly tar       path: 'package/LICENSE',
661 silly tar       mode: 420,
661 silly tar       uid: 501,
661 silly tar       gid: 20,
661 silly tar       size: 1107,
661 silly tar       mtime: 2017-06-15T00:16:23.000Z,
661 silly tar       cksum: 4954,
661 silly tar       linkpath: '',
661 silly tar       uname: '',
661 silly tar       gname: '',
661 silly tar       devmaj: 0,
661 silly tar       devmin: 0,
661 silly tar       atime: null,
661 silly tar       ctime: null,
661 silly tar       [Symbol(type)]: '0'
661 silly tar     },
661 silly tar     startBlockSize: 1536,
661 silly tar     blockRemain: 0,
661 silly tar     remain: 0,
661 silly tar     type: 'File',
661 silly tar     meta: false,
661 silly tar     ignore: false,
661 silly tar     path: 'LICENSE',
661 silly tar     mode: 438,
661 silly tar     uid: 501,
661 silly tar     gid: 20,
661 silly tar     uname: '',
661 silly tar     gname: '',
661 silly tar     size: 1107,
661 silly tar     mtime: 2017-06-15T00:16:23.000Z,
661 silly tar     atime: null,
661 silly tar     ctime: null,
661 silly tar     linkpath: '',
661 silly tar     absolute: '/home/devluca/bot-achadinhos/node_modules/debug/LICENSE',
661 silly tar     [Symbol(kCapture)]: false,
661 silly tar     [Symbol(flowing)]: false,
661 silly tar     [Symbol(paused)]: true,
661 silly tar     [Symbol(objectMode)]: false,
661 silly tar     [Symbol(encoding)]: null,
661 silly tar     [Symbol(async)]: false,
661 silly tar     [Symbol(decoder)]: null,
661 silly tar     [Symbol(EOF)]: true,
661 silly tar     [Symbol(emittedEnd)]: true,
661 silly tar     [Symbol(emittingEnd)]: false,
661 silly tar     [Symbol(closed)]: false,
661 silly tar     [Symbol(emittedError)]: null,
661 silly tar     [Symbol(bufferLength)]: 0,
661 silly tar     [Symbol(destroyed)]: false
661 silly tar   },
661 silly tar   cwd: '/home/devluca/bot-achadinhos/node_modules/debug',
661 silly tar   tarCode: 'TAR_ENTRY_ERROR'
661 silly tar }
662 warn tar TAR_ENTRY_ERROR EINVAL: invalid argument, fchown
663 silly tar TAR_ENTRY_ERROR EINVAL: invalid argument, fchown [Error: EINVAL: invalid argument, fchown] {
663 silly tar   errno: -22,
663 silly tar   code: 'EINVAL',
663 silly tar   syscall: 'fchown',
663 silly tar   entry: ReadEntry {
663 silly tar     _events: [Object: null prototype] {},
663 silly tar     _eventsCount: 0,
663 silly tar     _maxListeners: undefined,
663 silly tar     pipes: [ [Pipe] ],
663 silly tar     buffer: [],
663 silly tar     writable: false,
663 silly tar     readable: false,
663 silly tar     extended: null,
663 silly tar     globalExtended: null,
663 silly tar     header: Header {
663 silly tar       cksumValid: true,
663 silly tar       needPax: false,
663 silly tar       nullBlock: false,
663 silly tar       block: null,
663 silly tar       path: 'package/readme.md',
663 silly tar       mode: 420,
663 silly tar       uid: 501,
663 silly tar       gid: 20,
663 silly tar       size: 1502,
663 silly tar       mtime: 2016-11-04T02:19:28.000Z,
663 silly tar       cksum: 5325,
663 silly tar       linkpath: '',
663 silly tar       uname: '',
663 silly tar       gname: '',
663 silly tar       devmaj: 0,
663 silly tar       devmin: 0,
663 silly tar       atime: null,
663 silly tar       ctime: null,
663 silly tar       [Symbol(type)]: '0'
663 silly tar     },
663 silly tar     startBlockSize: 1536,
663 silly tar     blockRemain: 0,
663 silly tar     remain: 0,
663 silly tar     type: 'File',
663 silly tar     meta: false,
663 silly tar     ignore: false,
663 silly tar     path: 'readme.md',
663 silly tar     mode: 438,
663 silly tar     uid: 501,
663 silly tar     gid: 20,
663 silly tar     uname: '',
663 silly tar     gname: '',
663 silly tar     size: 1502,
663 silly tar     mtime: 2016-11-04T02:19:28.000Z,
663 silly tar     atime: null,
663 silly tar     ctime: null,
663 silly tar     linkpath: '',
663 silly tar     absolute: '/home/devluca/bot-achadinhos/node_modules/object-assign/readme.md',
663 silly tar     [Symbol(kCapture)]: false,
663 silly tar     [Symbol(flowing)]: false,
663 silly tar     [Symbol(paused)]: true,
663 silly tar     [Symbol(objectMode)]: false,
663 silly tar     [Symbol(encoding)]: null,
663 silly tar     [Symbol(async)]: false,
663 silly tar     [Symbol(decoder)]: null,
663 silly tar     [Symbol(EOF)]: true,
663 silly tar     [Symbol(emittedEnd)]: true,
663 silly tar     [Symbol(emittingEnd)]: false,
663 silly tar     [Symbol(closed)]: false,
663 silly tar     [Symbol(emittedError)]: null,
663 silly tar     [Symbol(bufferLength)]: 0,
663 silly tar     [Symbol(destroyed)]: false
663 silly tar   },
663 silly tar   cwd: '/home/devluca/bot-achadinhos/node_modules/object-assign',
663 silly tar   tarCode: 'TAR_ENTRY_ERROR'
663 silly tar }
664 http fetch GET 200 https://registry.npmjs.org/is-glob/-/is-glob-4.0.3.tgz 2169ms (cache miss)
665 timing reifyNode:node_modules/is-glob Completed in 2339ms
666 timing reifyNode:node_modules/undefsafe Completed in 2341ms
667 http fetch GET 200 https://registry.npmjs.org/parseurl/-/parseurl-1.3.3.tgz 2029ms (cache miss)
668 timing reifyNode:node_modules/parseurl Completed in 2341ms
669 http fetch GET 200 https://registry.npmjs.org/http-errors/-/http-errors-2.0.1.tgz 2014ms (cache miss)
670 timing reifyNode:node_modules/http-errors Completed in 2341ms
671 http fetch GET 200 https://registry.npmjs.org/finalhandler/-/finalhandler-1.3.2.tgz 2012ms (cache miss)
672 timing reifyNode:node_modules/finalhandler Completed in 2344ms
673 http fetch GET 200 https://registry.npmjs.org/destroy/-/destroy-1.2.0.tgz 2112ms (cache miss)
674 timing reifyNode:node_modules/destroy Completed in 2347ms
675 http fetch GET 200 https://registry.npmjs.org/touch/-/touch-3.1.1.tgz 2170ms (cache miss)
676 timing reifyNode:node_modules/touch Completed in 2350ms
677 http fetch GET 200 https://registry.npmjs.org/negotiator/-/negotiator-0.6.3.tgz 2113ms (cache miss)
678 timing reifyNode:node_modules/negotiator Completed in 2352ms
679 http fetch GET 200 https://registry.npmjs.org/ms/-/ms-2.0.0.tgz 2128ms (cache miss)
680 timing reifyNode:node_modules/ms Completed in 2355ms
681 http fetch GET 200 https://registry.npmjs.org/media-typer/-/media-typer-0.3.0.tgz 2280ms (cache miss)
682 timing reifyNode:node_modules/media-typer Completed in 2363ms
683 http fetch GET 200 https://registry.npmjs.org/supports-color/-/supports-color-5.5.0.tgz 2186ms (cache miss)
684 timing reifyNode:node_modules/supports-color Completed in 2368ms
685 http fetch GET 200 https://registry.npmjs.org/statuses/-/statuses-2.0.2.tgz 2122ms (cache miss)
686 timing reifyNode:node_modules/statuses Completed in 2368ms
687 http fetch GET 200 https://registry.npmjs.org/hasown/-/hasown-2.0.4.tgz 2282ms (cache miss)
688 timing reifyNode:node_modules/hasown Completed in 2376ms
689 http fetch GET 200 https://registry.npmjs.org/pstree.remy/-/pstree.remy-1.1.8.tgz 2183ms (cache miss)
690 http fetch GET 200 https://registry.npmjs.org/inherits/-/inherits-2.0.4.tgz 2159ms (cache miss)
691 timing reifyNode:node_modules/inherits Completed in 2381ms
692 http fetch GET 200 https://registry.npmjs.org/path-to-regexp/-/path-to-regexp-0.1.13.tgz 2078ms (cache miss)
693 timing reifyNode:node_modules/path-to-regexp Completed in 2381ms
694 http fetch GET 200 https://registry.npmjs.org/encodeurl/-/encodeurl-2.0.0.tgz 2046ms (cache miss)
695 timing reifyNode:node_modules/encodeurl Completed in 2384ms
696 http fetch GET 200 https://registry.npmjs.org/content-type/-/content-type-1.0.5.tgz 2033ms (cache miss)
697 timing reifyNode:node_modules/content-type Completed in 2385ms
698 http fetch GET 200 https://registry.npmjs.org/anymatch/-/anymatch-3.1.3.tgz 2215ms (cache miss)
699 timing reifyNode:node_modules/anymatch Completed in 2391ms
700 http fetch GET 200 https://registry.npmjs.org/cors/-/cors-2.8.6.tgz 2021ms (cache miss)
701 timing reifyNode:node_modules/cors Completed in 2390ms
702 http fetch GET 200 https://registry.npmjs.org/binary-extensions/-/binary-extensions-2.3.0.tgz 2250ms (cache miss)
703 timing reifyNode:node_modules/binary-extensions Completed in 2397ms
704 http fetch GET 200 https://registry.npmjs.org/normalize-path/-/normalize-path-3.0.0.tgz 2229ms (cache miss)
705 timing reifyNode:node_modules/normalize-path Completed in 2397ms
706 http fetch GET 200 https://registry.npmjs.org/get-proto/-/get-proto-1.0.1.tgz 2309ms (cache miss)
707 http fetch GET 200 https://registry.npmjs.org/raw-body/-/raw-body-2.5.3.tgz 2171ms (cache miss)
708 timing reifyNode:node_modules/raw-body Completed in 2402ms
709 warn tar TAR_ENTRY_ERROR EINVAL: invalid argument, fchown
710 silly tar TAR_ENTRY_ERROR EINVAL: invalid argument, fchown [Error: EINVAL: invalid argument, fchown] {
710 silly tar   errno: -22,
710 silly tar   code: 'EINVAL',
710 silly tar   syscall: 'fchown',
710 silly tar   entry: ReadEntry {
710 silly tar     _events: [Object: null prototype] {},
710 silly tar     _eventsCount: 0,
710 silly tar     _maxListeners: undefined,
710 silly tar     pipes: [ [Pipe] ],
710 silly tar     buffer: [],
710 silly tar     writable: false,
710 silly tar     readable: false,
710 silly tar     extended: null,
710 silly tar     globalExtended: null,
710 silly tar     header: Header {
710 silly tar       cksumValid: true,
710 silly tar       needPax: false,
710 silly tar       nullBlock: false,
710 silly tar       block: null,
710 silly tar       path: 'package/karma.conf.js',
710 silly tar       mode: 420,
710 silly tar       uid: 501,
710 silly tar       gid: 20,
710 silly tar       size: 1736,
710 silly tar       mtime: 2017-06-15T00:16:23.000Z,
710 silly tar       cksum: 5697,
710 silly tar       linkpath: '',
710 silly tar       uname: '',
710 silly tar       gname: '',
710 silly tar       devmaj: 0,
710 silly tar       devmin: 0,
710 silly tar       atime: null,
710 silly tar       ctime: null,
710 silly tar       [Symbol(type)]: '0'
710 silly tar     },
710 silly tar     startBlockSize: 2048,
710 silly tar     blockRemain: 0,
710 silly tar     remain: 0,
710 silly tar     type: 'File',
710 silly tar     meta: false,
710 silly tar     ignore: false,
710 silly tar     path: 'karma.conf.js',
710 silly tar     mode: 438,
710 silly tar     uid: 501,
710 silly tar     gid: 20,
710 silly tar     uname: '',
710 silly tar     gname: '',
710 silly tar     size: 1736,
710 silly tar     mtime: 2017-06-15T00:16:23.000Z,
710 silly tar     atime: null,
710 silly tar     ctime: null,
710 silly tar     linkpath: '',
710 silly tar     absolute: '/home/devluca/bot-achadinhos/node_modules/debug/karma.conf.js',
710 silly tar     [Symbol(kCapture)]: false,
710 silly tar     [Symbol(flowing)]: true,
710 silly tar     [Symbol(paused)]: false,
710 silly tar     [Symbol(objectMode)]: false,
710 silly tar     [Symbol(encoding)]: null,
710 silly tar     [Symbol(async)]: false,
710 silly tar     [Symbol(decoder)]: null,
710 silly tar     [Symbol(EOF)]: true,
710 silly tar     [Symbol(emittedEnd)]: true,
710 silly tar     [Symbol(emittingEnd)]: false,
710 silly tar     [Symbol(closed)]: false,
710 silly tar     [Symbol(emittedError)]: null,
710 silly tar     [Symbol(bufferLength)]: 0,
710 silly tar     [Symbol(destroyed)]: false
710 silly tar   },
710 silly tar   cwd: '/home/devluca/bot-achadinhos/node_modules/debug',
710 silly tar   tarCode: 'TAR_ENTRY_ERROR'
710 silly tar }
711 warn tar TAR_ENTRY_ERROR EINVAL: invalid argument, fchown
712 silly tar TAR_ENTRY_ERROR EINVAL: invalid argument, fchown [Error: EINVAL: invalid argument, fchown] {
712 silly tar   errno: -22,
712 silly tar   code: 'EINVAL',
712 silly tar   syscall: 'fchown',
712 silly tar   entry: ReadEntry {
712 silly tar     _events: [Object: null prototype] {},
712 silly tar     _eventsCount: 0,
712 silly tar     _maxListeners: undefined,
712 silly tar     pipes: [ [Pipe] ],
712 silly tar     buffer: [],
712 silly tar     writable: false,
712 silly tar     readable: false,
712 silly tar     extended: null,
712 silly tar     globalExtended: null,
712 silly tar     header: Header {
712 silly tar       cksumValid: true,
712 silly tar       needPax: false,
712 silly tar       nullBlock: false,
712 silly tar       block: null,
712 silly tar       path: 'package/src/build.js',
712 silly tar       mode: 493,
712 silly tar       uid: 501,
712 silly tar       gid: 20,
712 silly tar       size: 1351,
712 silly tar       mtime: 2017-11-25T00:20:47.000Z,
712 silly tar       cksum: 5621,
712 silly tar       linkpath: '',
712 silly tar       uname: '',
712 silly tar       gname: '',
712 silly tar       devmaj: 0,
712 silly tar       devmin: 0,
712 silly tar       atime: null,
712 silly tar       ctime: null,
712 silly tar       [Symbol(type)]: '0'
712 silly tar     },
712 silly tar     startBlockSize: 1536,
712 silly tar     blockRemain: 0,
712 silly tar     remain: 0,
712 silly tar     type: 'File',
712 silly tar     meta: false,
712 silly tar     ignore: false,
712 silly tar     path: 'src/build.js',
712 silly tar     mode: 511,
712 silly tar     uid: 501,
712 silly tar     gid: 20,
712 silly tar     uname: '',
712 silly tar     gname: '',
712 silly tar     size: 1351,
712 silly tar     mtime: 2017-11-25T00:20:47.000Z,
712 silly tar     atime: null,
712 silly tar     ctime: null,
712 silly tar     linkpath: '',
712 silly tar     absolute: '/home/devluca/bot-achadinhos/node_modules/mime/src/build.js',
712 silly tar     [Symbol(kCapture)]: false,
712 silly tar     [Symbol(flowing)]: false,
712 silly tar     [Symbol(paused)]: true,
712 silly tar     [Symbol(objectMode)]: false,
712 silly tar     [Symbol(encoding)]: null,
712 silly tar     [Symbol(async)]: false,
712 silly tar     [Symbol(decoder)]: null,
712 silly tar     [Symbol(EOF)]: true,
712 silly tar     [Symbol(emittedEnd)]: true,
712 silly tar     [Symbol(emittingEnd)]: false,
712 silly tar     [Symbol(closed)]: false,
712 silly tar     [Symbol(emittedError)]: null,
712 silly tar     [Symbol(bufferLength)]: 0,
712 silly tar     [Symbol(destroyed)]: false
712 silly tar   },
712 silly tar   cwd: '/home/devluca/bot-achadinhos/node_modules/mime',
712 silly tar   tarCode: 'TAR_ENTRY_ERROR'
712 silly tar }
713 warn tar TAR_ENTRY_ERROR EINVAL: invalid argument, fchown
714 silly tar TAR_ENTRY_ERROR EINVAL: invalid argument, fchown [Error: EINVAL: invalid argument, fchown] {
714 silly tar   errno: -22,
714 silly tar   code: 'EINVAL',
714 silly tar   syscall: 'fchown',
714 silly tar   entry: ReadEntry {
714 silly tar     _events: [Object: null prototype] {},
714 silly tar     _eventsCount: 0,
714 silly tar     _maxListeners: undefined,
714 silly tar     pipes: [ [Pipe] ],
714 silly tar     buffer: [],
714 silly tar     writable: false,
714 silly tar     readable: false,
714 silly tar     extended: null,
714 silly tar     globalExtended: null,
714 silly tar     header: Header {
714 silly tar       cksumValid: true,
714 silly tar       needPax: false,
714 silly tar       nullBlock: false,
714 silly tar       block: null,
714 silly tar       path: 'package/src/test.js',
714 silly tar       mode: 420,
714 silly tar       uid: 501,
714 silly tar       gid: 20,
714 silly tar       size: 2334,
714 silly tar       mtime: 2017-11-25T00:17:40.000Z,
714 silly tar       cksum: 5536,
714 silly tar       linkpath: '',
714 silly tar       uname: '',
714 silly tar       gname: '',
714 silly tar       devmaj: 0,
714 silly tar       devmin: 0,
714 silly tar       atime: null,
714 silly tar       ctime: null,
714 silly tar       [Symbol(type)]: '0'
714 silly tar     },
714 silly tar     startBlockSize: 2560,
714 silly tar     blockRemain: 0,
714 silly tar     remain: 0,
714 silly tar     type: 'File',
714 silly tar     meta: false,
714 silly tar     ignore: false,
714 silly tar     path: 'src/test.js',
714 silly tar     mode: 438,
714 silly tar     uid: 501,
714 silly tar     gid: 20,
714 silly tar     uname: '',
714 silly tar     gname: '',
714 silly tar     size: 2334,
714 silly tar     mtime: 2017-11-25T00:17:40.000Z,
714 silly tar     atime: null,
714 silly tar     ctime: null,
714 silly tar     linkpath: '',
714 silly tar     absolute: '/home/devluca/bot-achadinhos/node_modules/mime/src/test.js',
714 silly tar     [Symbol(kCapture)]: false,
714 silly tar     [Symbol(flowing)]: false,
714 silly tar     [Symbol(paused)]: true,
714 silly tar     [Symbol(objectMode)]: false,
714 silly tar     [Symbol(encoding)]: null,
714 silly tar     [Symbol(async)]: false,
714 silly tar     [Symbol(decoder)]: null,
714 silly tar     [Symbol(EOF)]: true,
714 silly tar     [Symbol(emittedEnd)]: true,
714 silly tar     [Symbol(emittingEnd)]: false,
714 silly tar     [Symbol(closed)]: false,
714 silly tar     [Symbol(emittedError)]: null,
714 silly tar     [Symbol(bufferLength)]: 0,
714 silly tar     [Symbol(destroyed)]: false
714 silly tar   },
714 silly tar   cwd: '/home/devluca/bot-achadinhos/node_modules/mime',
714 silly tar   tarCode: 'TAR_ENTRY_ERROR'
714 silly tar }
715 http fetch GET 200 https://registry.npmjs.org/es-define-property/-/es-define-property-1.0.1.tgz 2278ms (cache miss)
716 http fetch GET 200 https://registry.npmjs.org/range-parser/-/range-parser-1.2.1.tgz 2122ms (cache miss)
717 timing reifyNode:node_modules/range-parser Completed in 2408ms
718 http fetch GET 200 https://registry.npmjs.org/methods/-/methods-1.1.2.tgz 2089ms (cache miss)
719 timing reifyNode:node_modules/methods Completed in 2409ms
720 http fetch GET 200 https://registry.npmjs.org/glob-parent/-/glob-parent-5.1.2.tgz 2240ms (cache miss)
721 timing reifyNode:node_modules/glob-parent Completed in 2414ms
722 http fetch GET 200 https://registry.npmjs.org/fill-range/-/fill-range-7.1.1.tgz 2256ms (cache miss)
723 timing reifyNode:node_modules/fill-range Completed in 2417ms
724 warn tar TAR_ENTRY_ERROR EINVAL: invalid argument, fchown
725 silly tar TAR_ENTRY_ERROR EINVAL: invalid argument, fchown [Error: EINVAL: invalid argument, fchown] {
725 silly tar   errno: -22,
725 silly tar   code: 'EINVAL',
725 silly tar   syscall: 'fchown',
725 silly tar   entry: ReadEntry {
725 silly tar     _events: [Object: null prototype] {},
725 silly tar     _eventsCount: 0,
725 silly tar     _maxListeners: undefined,
725 silly tar     pipes: [ [Pipe] ],
725 silly tar     buffer: [],
725 silly tar     writable: false,
725 silly tar     readable: false,
725 silly tar     extended: null,
725 silly tar     globalExtended: null,
725 silly tar     header: Header {
725 silly tar       cksumValid: true,
725 silly tar       needPax: false,
725 silly tar       nullBlock: false,
725 silly tar       block: null,
725 silly tar       path: 'package/node.js',
725 silly tar       mode: 420,
725 silly tar       uid: 501,
725 silly tar       gid: 20,
725 silly tar       size: 40,
725 silly tar       mtime: 2017-06-15T00:16:23.000Z,
725 silly tar       cksum: 5125,
725 silly tar       linkpath: '',
725 silly tar       uname: '',
725 silly tar       gname: '',
725 silly tar       devmaj: 0,
725 silly tar       devmin: 0,
725 silly tar       atime: null,
725 silly tar       ctime: null,
725 silly tar       [Symbol(type)]: '0'
725 silly tar     },
725 silly tar     startBlockSize: 512,
725 silly tar     blockRemain: 0,
725 silly tar     remain: 0,
725 silly tar     type: 'File',
725 silly tar     meta: false,
725 silly tar     ignore: false,
725 silly tar     path: 'node.js',
725 silly tar     mode: 438,
725 silly tar     uid: 501,
725 silly tar     gid: 20,
725 silly tar     uname: '',
725 silly tar     gname: '',
725 silly tar     size: 40,
725 silly tar     mtime: 2017-06-15T00:16:23.000Z,
725 silly tar     atime: null,
725 silly tar     ctime: null,
725 silly tar     linkpath: '',
725 silly tar     absolute: '/home/devluca/bot-achadinhos/node_modules/debug/node.js',
725 silly tar     [Symbol(kCapture)]: false,
725 silly tar     [Symbol(flowing)]: false,
725 silly tar     [Symbol(paused)]: true,
725 silly tar     [Symbol(objectMode)]: false,
725 silly tar     [Symbol(encoding)]: null,
725 silly tar     [Symbol(async)]: false,
725 silly tar     [Symbol(decoder)]: null,
725 silly tar     [Symbol(EOF)]: true,
725 silly tar     [Symbol(emittedEnd)]: true,
725 silly tar     [Symbol(emittingEnd)]: false,
725 silly tar     [Symbol(closed)]: false,
725 silly tar     [Symbol(emittedError)]: null,
725 silly tar     [Symbol(bufferLength)]: 0,
725 silly tar     [Symbol(destroyed)]: false
725 silly tar   },
725 silly tar   cwd: '/home/devluca/bot-achadinhos/node_modules/debug',
725 silly tar   tarCode: 'TAR_ENTRY_ERROR'
725 silly tar }
726 http fetch GET 200 https://registry.npmjs.org/es-object-atoms/-/es-object-atoms-1.1.2.tgz 2324ms (cache miss)
727 timing reifyNode:node_modules/es-define-property Completed in 2432ms
728 http fetch GET 200 https://registry.npmjs.org/array-flatten/-/array-flatten-1.1.1.tgz 2075ms (cache miss)
729 timing reifyNode:node_modules/array-flatten Completed in 2430ms
730 http fetch GET 200 https://registry.npmjs.org/escape-html/-/escape-html-1.0.3.tgz 2095ms (cache miss)
731 timing reifyNode:node_modules/escape-html Completed in 2431ms
732 http fetch GET 200 https://registry.npmjs.org/vary/-/vary-1.1.2.tgz 2078ms (cache miss)
733 timing reifyNode:node_modules/vary Completed in 2438ms
734 http fetch GET 200 https://registry.npmjs.org/bytes/-/bytes-3.1.2.tgz 2205ms (cache miss)
735 timing reifyNode:node_modules/bytes Completed in 2442ms
736 timing reifyNode:node_modules/pstree.remy Completed in 2446ms
737 warn tar TAR_ENTRY_ERROR EINVAL: invalid argument, fchown
738 silly tar TAR_ENTRY_ERROR EINVAL: invalid argument, fchown [Error: EINVAL: invalid argument, fchown] {
738 silly tar   errno: -22,
738 silly tar   code: 'EINVAL',
738 silly tar   syscall: 'fchown',
738 silly tar   entry: ReadEntry {
738 silly tar     _events: [Object: null prototype] {},
738 silly tar     _eventsCount: 0,
738 silly tar     _maxListeners: undefined,
738 silly tar     pipes: [ [Pipe] ],
738 silly tar     buffer: [],
738 silly tar     writable: false,
738 silly tar     readable: false,
738 silly tar     extended: null,
738 silly tar     globalExtended: null,
738 silly tar     header: Header {
738 silly tar       cksumValid: true,
738 silly tar       needPax: false,
738 silly tar       nullBlock: false,
738 silly tar       block: null,
738 silly tar       path: 'package/.eslintrc',
738 silly tar       mode: 420,
738 silly tar       uid: 501,
738 silly tar       gid: 20,
738 silly tar       size: 180,
738 silly tar       mtime: 2017-09-22T13:29:26.000Z,
738 silly tar       cksum: 5353,
738 silly tar       linkpath: '',
738 silly tar       uname: '',
738 silly tar       gname: '',
738 silly tar       devmaj: 0,
738 silly tar       devmin: 0,
738 silly tar       atime: null,
738 silly tar       ctime: null,
738 silly tar       [Symbol(type)]: '0'
738 silly tar     },
738 silly tar     startBlockSize: 512,
738 silly tar     blockRemain: 0,
738 silly tar     remain: 0,
738 silly tar     type: 'File',
738 silly tar     meta: false,
738 silly tar     ignore: false,
738 silly tar     path: '.eslintrc',
738 silly tar     mode: 438,
738 silly tar     uid: 501,
738 silly tar     gid: 20,
738 silly tar     uname: '',
738 silly tar     gname: '',
738 silly tar     size: 180,
738 silly tar     mtime: 2017-09-22T13:29:26.000Z,
738 silly tar     atime: null,
738 silly tar     ctime: null,
738 silly tar     linkpath: '',
738 silly tar     absolute: '/home/devluca/bot-achadinhos/node_modules/debug/.eslintrc',
738 silly tar     [Symbol(kCapture)]: false,
738 silly tar     [Symbol(flowing)]: false,
738 silly tar     [Symbol(paused)]: true,
738 silly tar     [Symbol(objectMode)]: false,
738 silly tar     [Symbol(encoding)]: null,
738 silly tar     [Symbol(async)]: false,
738 silly tar     [Symbol(decoder)]: null,
738 silly tar     [Symbol(EOF)]: true,
738 silly tar     [Symbol(emittedEnd)]: true,
738 silly tar     [Symbol(emittingEnd)]: false,
738 silly tar     [Symbol(closed)]: false,
738 silly tar     [Symbol(emittedError)]: null,
738 silly tar     [Symbol(bufferLength)]: 0,
738 silly tar     [Symbol(destroyed)]: false
738 silly tar   },
738 silly tar   cwd: '/home/devluca/bot-achadinhos/node_modules/debug',
738 silly tar   tarCode: 'TAR_ENTRY_ERROR'
738 silly tar }
739 http fetch GET 200 https://registry.npmjs.org/object-assign/-/object-assign-4.1.1.tgz 2095ms (cache miss)
740 timing reifyNode:node_modules/object-assign Completed in 2454ms
741 http fetch GET 200 https://registry.npmjs.org/fresh/-/fresh-0.5.2.tgz 2126ms (cache miss)
742 timing reifyNode:node_modules/fresh Completed in 2456ms
743 http fetch GET 200 https://registry.npmjs.org/proxy-addr/-/proxy-addr-2.0.7.tgz 2148ms (cache miss)
744 timing reifyNode:node_modules/proxy-addr Completed in 2457ms
745 timing reifyNode:node_modules/get-proto Completed in 2469ms
746 http fetch GET 200 https://registry.npmjs.org/simple-update-notifier/-/simple-update-notifier-2.0.0.tgz 2283ms (cache miss)
747 http fetch GET 200 https://registry.npmjs.org/side-channel-weakmap/-/side-channel-weakmap-1.0.2.tgz 2354ms (cache miss)
748 http fetch GET 200 https://registry.npmjs.org/accepts/-/accepts-1.3.8.tgz 2110ms (cache miss)
749 timing reifyNode:node_modules/accepts Completed in 2467ms
750 warn tar TAR_ENTRY_ERROR EINVAL: invalid argument, fchown
751 silly tar TAR_ENTRY_ERROR EINVAL: invalid argument, fchown [Error: EINVAL: invalid argument, fchown] {
751 silly tar   errno: -22,
751 silly tar   code: 'EINVAL',
751 silly tar   syscall: 'fchown',
751 silly tar   entry: ReadEntry {
751 silly tar     _events: [Object: null prototype] {},
751 silly tar     _eventsCount: 0,
751 silly tar     _maxListeners: undefined,
751 silly tar     pipes: [ [Pipe] ],
751 silly tar     buffer: [],
751 silly tar     writable: false,
751 silly tar     readable: false,
751 silly tar     extended: null,
751 silly tar     globalExtended: null,
751 silly tar     header: Header {
751 silly tar       cksumValid: true,
751 silly tar       needPax: false,
751 silly tar       nullBlock: false,
751 silly tar       block: null,
751 silly tar       path: 'package/Makefile',
751 silly tar       mode: 420,
751 silly tar       uid: 501,
751 silly tar       gid: 20,
751 silly tar       size: 1059,
751 silly tar       mtime: 2017-09-22T13:29:26.000Z,
751 silly tar       cksum: 5234,
751 silly tar       linkpath: '',
751 silly tar       uname: '',
751 silly tar       gname: '',
751 silly tar       devmaj: 0,
751 silly tar       devmin: 0,
751 silly tar       atime: null,
751 silly tar       ctime: null,
751 silly tar       [Symbol(type)]: '0'
751 silly tar     },
751 silly tar     startBlockSize: 1536,
751 silly tar     blockRemain: 0,
751 silly tar     remain: 0,
751 silly tar     type: 'File',
751 silly tar     meta: false,
751 silly tar     ignore: false,
751 silly tar     path: 'Makefile',
751 silly tar     mode: 438,
751 silly tar     uid: 501,
751 silly tar     gid: 20,
751 silly tar     uname: '',
751 silly tar     gname: '',
751 silly tar     size: 1059,
751 silly tar     mtime: 2017-09-22T13:29:26.000Z,
751 silly tar     atime: null,
751 silly tar     ctime: null,
751 silly tar     linkpath: '',
751 silly tar     absolute: '/home/devluca/bot-achadinhos/node_modules/debug/Makefile',
751 silly tar     [Symbol(kCapture)]: false,
751 silly tar     [Symbol(flowing)]: false,
751 silly tar     [Symbol(paused)]: true,
751 silly tar     [Symbol(objectMode)]: false,
751 silly tar     [Symbol(encoding)]: null,
751 silly tar     [Symbol(async)]: false,
751 silly tar     [Symbol(decoder)]: null,
751 silly tar     [Symbol(EOF)]: true,
751 silly tar     [Symbol(emittedEnd)]: true,
751 silly tar     [Symbol(emittingEnd)]: false,
751 silly tar     [Symbol(closed)]: false,
751 silly tar     [Symbol(emittedError)]: null,
751 silly tar     [Symbol(bufferLength)]: 0,
751 silly tar     [Symbol(destroyed)]: false
751 silly tar   },
751 silly tar   cwd: '/home/devluca/bot-achadinhos/node_modules/debug',
751 silly tar   tarCode: 'TAR_ENTRY_ERROR'
751 silly tar }
752 timing reifyNode:node_modules/es-object-atoms Completed in 2490ms
753 timing reifyNode:node_modules/side-channel-weakmap Completed in 2490ms
754 http fetch GET 200 https://registry.npmjs.org/safe-buffer/-/safe-buffer-5.2.1.tgz 2218ms (cache miss)
755 timing reifyNode:node_modules/safe-buffer Completed in 2489ms
756 warn tar TAR_ENTRY_ERROR EINVAL: invalid argument, fchown
757 silly tar TAR_ENTRY_ERROR EINVAL: invalid argument, fchown [Error: EINVAL: invalid argument, fchown] {
757 silly tar   errno: -22,
757 silly tar   code: 'EINVAL',
757 silly tar   syscall: 'fchown',
757 silly tar   entry: ReadEntry {
757 silly tar     _events: [Object: null prototype] {},
757 silly tar     _eventsCount: 0,
757 silly tar     _maxListeners: undefined,
757 silly tar     pipes: [ [Pipe] ],
757 silly tar     buffer: [],
757 silly tar     writable: false,
757 silly tar     readable: false,
757 silly tar     extended: null,
757 silly tar     globalExtended: null,
757 silly tar     header: Header {
757 silly tar       cksumValid: true,
757 silly tar       needPax: false,
757 silly tar       nullBlock: false,
757 silly tar       block: null,
757 silly tar       path: 'package/.coveralls.yml',
757 silly tar       mode: 420,
757 silly tar       uid: 501,
757 silly tar       gid: 20,
757 silly tar       size: 46,
757 silly tar       mtime: 2017-06-15T00:16:23.000Z,
757 silly tar       cksum: 5843,
757 silly tar       linkpath: '',
757 silly tar       uname: '',
757 silly tar       gname: '',
757 silly tar       devmaj: 0,
757 silly tar       devmin: 0,
757 silly tar       atime: null,
757 silly tar       ctime: null,
757 silly tar       [Symbol(type)]: '0'
757 silly tar     },
757 silly tar     startBlockSize: 512,
757 silly tar     blockRemain: 0,
757 silly tar     remain: 0,
757 silly tar     type: 'File',
757 silly tar     meta: false,
757 silly tar     ignore: false,
757 silly tar     path: '.coveralls.yml',
757 silly tar     mode: 438,
757 silly tar     uid: 501,
757 silly tar     gid: 20,
757 silly tar     uname: '',
757 silly tar     gname: '',
757 silly tar     size: 46,
757 silly tar     mtime: 2017-06-15T00:16:23.000Z,
757 silly tar     atime: null,
757 silly tar     ctime: null,
757 silly tar     linkpath: '',
757 silly tar     absolute: '/home/devluca/bot-achadinhos/node_modules/debug/.coveralls.yml',
757 silly tar     [Symbol(kCapture)]: false,
757 silly tar     [Symbol(flowing)]: false,
757 silly tar     [Symbol(paused)]: true,
757 silly tar     [Symbol(objectMode)]: false,
757 silly tar     [Symbol(encoding)]: null,
757 silly tar     [Symbol(async)]: false,
757 silly tar     [Symbol(decoder)]: null,
757 silly tar     [Symbol(EOF)]: true,
757 silly tar     [Symbol(emittedEnd)]: true,
757 silly tar     [Symbol(emittingEnd)]: false,
757 silly tar     [Symbol(closed)]: false,
757 silly tar     [Symbol(emittedError)]: null,
757 silly tar     [Symbol(bufferLength)]: 0,
757 silly tar     [Symbol(destroyed)]: false
757 silly tar   },
757 silly tar   cwd: '/home/devluca/bot-achadinhos/node_modules/debug',
757 silly tar   tarCode: 'TAR_ENTRY_ERROR'
757 silly tar }
758 warn tar TAR_ENTRY_ERROR EINVAL: invalid argument, fchown
759 silly tar TAR_ENTRY_ERROR EINVAL: invalid argument, fchown [Error: EINVAL: invalid argument, fchown] {
759 silly tar   errno: -22,
759 silly tar   code: 'EINVAL',
759 silly tar   syscall: 'fchown',
759 silly tar   entry: ReadEntry {
759 silly tar     _events: [Object: null prototype] {},
759 silly tar     _eventsCount: 0,
759 silly tar     _maxListeners: undefined,
759 silly tar     pipes: [ [Pipe] ],
759 silly tar     buffer: [],
759 silly tar     writable: false,
759 silly tar     readable: false,
759 silly tar     extended: null,
759 silly tar     globalExtended: null,
759 silly tar     header: Header {
759 silly tar       cksumValid: true,
759 silly tar       needPax: false,
759 silly tar       nullBlock: false,
759 silly tar       block: null,
759 silly tar       path: 'package/component.json',
759 silly tar       mode: 420,
759 silly tar       uid: 501,
759 silly tar       gid: 20,
759 silly tar       size: 321,
759 silly tar       mtime: 2017-09-22T13:32:09.000Z,
759 silly tar       cksum: 5895,
759 silly tar       linkpath: '',
759 silly tar       uname: '',
759 silly tar       gname: '',
759 silly tar       devmaj: 0,
759 silly tar       devmin: 0,
759 silly tar       atime: null,
759 silly tar       ctime: null,
759 silly tar       [Symbol(type)]: '0'
759 silly tar     },
759 silly tar     startBlockSize: 512,
759 silly tar     blockRemain: 0,
759 silly tar     remain: 0,
759 silly tar     type: 'File',
759 silly tar     meta: false,
759 silly tar     ignore: false,
759 silly tar     path: 'component.json',
759 silly tar     mode: 438,
759 silly tar     uid: 501,
759 silly tar     gid: 20,
759 silly tar     uname: '',
759 silly tar     gname: '',
759 silly tar     size: 321,
759 silly tar     mtime: 2017-09-22T13:32:09.000Z,
759 silly tar     atime: null,
759 silly tar     ctime: null,
759 silly tar     linkpath: '',
759 silly tar     absolute: '/home/devluca/bot-achadinhos/node_modules/debug/component.json',
759 silly tar     [Symbol(kCapture)]: false,
759 silly tar     [Symbol(flowing)]: false,
759 silly tar     [Symbol(paused)]: true,
759 silly tar     [Symbol(objectMode)]: false,
759 silly tar     [Symbol(encoding)]: null,
759 silly tar     [Symbol(async)]: false,
759 silly tar     [Symbol(decoder)]: null,
759 silly tar     [Symbol(EOF)]: true,
759 silly tar     [Symbol(emittedEnd)]: true,
759 silly tar     [Symbol(emittingEnd)]: false,
759 silly tar     [Symbol(closed)]: false,
759 silly tar     [Symbol(emittedError)]: null,
759 silly tar     [Symbol(bufferLength)]: 0,
759 silly tar     [Symbol(destroyed)]: false
759 silly tar   },
759 silly tar   cwd: '/home/devluca/bot-achadinhos/node_modules/debug',
759 silly tar   tarCode: 'TAR_ENTRY_ERROR'
759 silly tar }
760 http fetch GET 200 https://registry.npmjs.org/content-disposition/-/content-disposition-0.5.4.tgz 2133ms (cache miss)
761 timing reifyNode:node_modules/content-disposition Completed in 2508ms
762 http fetch GET 200 https://registry.npmjs.org/readdirp/-/readdirp-3.6.0.tgz 2346ms (cache miss)
763 timing reifyNode:node_modules/readdirp Completed in 2512ms
764 http fetch GET 200 https://registry.npmjs.org/cookie/-/cookie-0.7.2.tgz 2161ms (cache miss)
765 timing reifyNode:node_modules/cookie Completed in 2509ms
766 http fetch GET 200 https://registry.npmjs.org/gopd/-/gopd-1.2.0.tgz 2426ms (cache miss)
767 http fetch GET 200 https://registry.npmjs.org/serve-static/-/serve-static-1.16.3.tgz 2266ms (cache miss)
768 timing reifyNode:node_modules/serve-static Completed in 2516ms
769 http fetch GET 200 https://registry.npmjs.org/side-channel/-/side-channel-1.1.1.tgz 2404ms (cache miss)
770 timing reifyNode:node_modules/side-channel Completed in 2533ms
771 timing reifyNode:node_modules/simple-update-notifier Completed in 2536ms
772 http fetch GET 200 https://registry.npmjs.org/dunder-proto/-/dunder-proto-1.0.1.tgz 2452ms (cache miss)
773 http fetch GET 200 https://registry.npmjs.org/depd/-/depd-2.0.0.tgz 2196ms (cache miss)
774 timing reifyNode:node_modules/depd Completed in 2538ms
775 http fetch GET 200 https://registry.npmjs.org/to-regex-range/-/to-regex-range-5.0.1.tgz 2383ms (cache miss)
776 timing reifyNode:node_modules/to-regex-range Completed in 2542ms
777 timing reifyNode:node_modules/gopd Completed in 2546ms
778 warn tar TAR_ENTRY_ERROR EINVAL: invalid argument, fchown
779 silly tar TAR_ENTRY_ERROR EINVAL: invalid argument, fchown [Error: EINVAL: invalid argument, fchown] {
779 silly tar   errno: -22,
779 silly tar   code: 'EINVAL',
779 silly tar   syscall: 'fchown',
779 silly tar   entry: ReadEntry {
779 silly tar     _events: [Object: null prototype] {},
779 silly tar     _eventsCount: 0,
779 silly tar     _maxListeners: undefined,
779 silly tar     pipes: [ [Pipe] ],
779 silly tar     buffer: [],
779 silly tar     writable: false,
779 silly tar     readable: false,
779 silly tar     extended: null,
779 silly tar     globalExtended: null,
779 silly tar     header: Header {
779 silly tar       cksumValid: true,
779 silly tar       needPax: false,
779 silly tar       nullBlock: false,
779 silly tar       block: null,
779 silly tar       path: 'package/.travis.yml',
779 silly tar       mode: 420,
779 silly tar       uid: 501,
779 silly tar       gid: 20,
779 silly tar       size: 140,
779 silly tar       mtime: 2017-09-22T13:29:26.000Z,
779 silly tar       cksum: 5529,
779 silly tar       linkpath: '',
779 silly tar       uname: '',
779 silly tar       gname: '',
779 silly tar       devmaj: 0,
779 silly tar       devmin: 0,
779 silly tar       atime: null,
779 silly tar       ctime: null,
779 silly tar       [Symbol(type)]: '0'
779 silly tar     },
779 silly tar     startBlockSize: 512,
779 silly tar     blockRemain: 0,
779 silly tar     remain: 0,
779 silly tar     type: 'File',
779 silly tar     meta: false,
779 silly tar     ignore: false,
779 silly tar     path: '.travis.yml',
779 silly tar     mode: 438,
779 silly tar     uid: 501,
779 silly tar     gid: 20,
779 silly tar     uname: '',
779 silly tar     gname: '',
779 silly tar     size: 140,
779 silly tar     mtime: 2017-09-22T13:29:26.000Z,
779 silly tar     atime: null,
779 silly tar     ctime: null,
779 silly tar     linkpath: '',
779 silly tar     absolute: '/home/devluca/bot-achadinhos/node_modules/debug/.travis.yml',
779 silly tar     [Symbol(kCapture)]: false,
779 silly tar     [Symbol(flowing)]: false,
779 silly tar     [Symbol(paused)]: true,
779 silly tar     [Symbol(objectMode)]: false,
779 silly tar     [Symbol(encoding)]: null,
779 silly tar     [Symbol(async)]: false,
779 silly tar     [Symbol(decoder)]: null,
779 silly tar     [Symbol(EOF)]: true,
779 silly tar     [Symbol(emittedEnd)]: true,
779 silly tar     [Symbol(emittingEnd)]: false,
779 silly tar     [Symbol(closed)]: false,
779 silly tar     [Symbol(emittedError)]: null,
779 silly tar     [Symbol(bufferLength)]: 0,
779 silly tar     [Symbol(destroyed)]: false
779 silly tar   },
779 silly tar   cwd: '/home/devluca/bot-achadinhos/node_modules/debug',
779 silly tar   tarCode: 'TAR_ENTRY_ERROR'
779 silly tar }
780 http fetch GET 200 https://registry.npmjs.org/send/-/send-0.19.2.tgz 2284ms (cache miss)
781 timing reifyNode:node_modules/send Completed in 2550ms
782 http fetch GET 200 https://registry.npmjs.org/safer-buffer/-/safer-buffer-2.1.2.tgz 2340ms (cache miss)
783 timing reifyNode:node_modules/safer-buffer Completed in 2551ms
784 http fetch GET 200 https://registry.npmjs.org/ipaddr.js/-/ipaddr.js-1.9.1.tgz 2420ms (cache miss)
785 timing reifyNode:node_modules/ipaddr.js Completed in 2555ms
786 http fetch GET 200 https://registry.npmjs.org/function-bind/-/function-bind-1.1.2.tgz 2449ms (cache miss)
787 timing reifyNode:node_modules/function-bind Completed in 2559ms
788 warn tar TAR_ENTRY_ERROR EINVAL: invalid argument, fchown
789 silly tar TAR_ENTRY_ERROR EINVAL: invalid argument, fchown [Error: EINVAL: invalid argument, fchown] {
789 silly tar   errno: -22,
789 silly tar   code: 'EINVAL',
789 silly tar   syscall: 'fchown',
789 silly tar   entry: ReadEntry {
789 silly tar     _events: [Object: null prototype] {},
789 silly tar     _eventsCount: 0,
789 silly tar     _maxListeners: undefined,
789 silly tar     pipes: [ [Pipe] ],
789 silly tar     buffer: [],
789 silly tar     writable: false,
789 silly tar     readable: false,
789 silly tar     extended: null,
789 silly tar     globalExtended: null,
789 silly tar     header: Header {
789 silly tar       cksumValid: true,
789 silly tar       needPax: false,
789 silly tar       nullBlock: false,
789 silly tar       block: null,
789 silly tar       path: 'package/types.json',
789 silly tar       mode: 420,
789 silly tar       uid: 501,
789 silly tar       gid: 20,
789 silly tar       size: 31555,
789 silly tar       mtime: 2017-11-25T00:53:17.000Z,
789 silly tar       cksum: 5511,
789 silly tar       linkpath: '',
789 silly tar       uname: '',
789 silly tar       gname: '',
789 silly tar       devmaj: 0,
789 silly tar       devmin: 0,
789 silly tar       atime: null,
789 silly tar       ctime: null,
789 silly tar       [Symbol(type)]: '0'
789 silly tar     },
789 silly tar     startBlockSize: 31744,
789 silly tar     blockRemain: 0,
789 silly tar     remain: 0,
789 silly tar     type: 'File',
789 silly tar     meta: false,
789 silly tar     ignore: false,
789 silly tar     path: 'types.json',
789 silly tar     mode: 438,
789 silly tar     uid: 501,
789 silly tar     gid: 20,
789 silly tar     uname: '',
789 silly tar     gname: '',
789 silly tar     size: 31555,
789 silly tar     mtime: 2017-11-25T00:53:17.000Z,
789 silly tar     atime: null,
789 silly tar     ctime: null,
789 silly tar     linkpath: '',
789 silly tar     absolute: '/home/devluca/bot-achadinhos/node_modules/mime/types.json',
789 silly tar     [Symbol(kCapture)]: false,
789 silly tar     [Symbol(flowing)]: true,
789 silly tar     [Symbol(paused)]: false,
789 silly tar     [Symbol(objectMode)]: false,
789 silly tar     [Symbol(encoding)]: null,
789 silly tar     [Symbol(async)]: false,
789 silly tar     [Symbol(decoder)]: null,
789 silly tar     [Symbol(EOF)]: true,
789 silly tar     [Symbol(emittedEnd)]: true,
789 silly tar     [Symbol(emittingEnd)]: false,
789 silly tar     [Symbol(closed)]: false,
789 silly tar     [Symbol(emittedError)]: null,
789 silly tar     [Symbol(bufferLength)]: 0,
789 silly tar     [Symbol(destroyed)]: false
789 silly tar   },
789 silly tar   cwd: '/home/devluca/bot-achadinhos/node_modules/mime',
789 silly tar   tarCode: 'TAR_ENTRY_ERROR'
789 silly tar }
790 warn tar TAR_ENTRY_ERROR EINVAL: invalid argument, fchown
791 silly tar TAR_ENTRY_ERROR EINVAL: invalid argument, fchown [Error: EINVAL: invalid argument, fchown] {
791 silly tar   errno: -22,
791 silly tar   code: 'EINVAL',
791 silly tar   syscall: 'fchown',
791 silly tar   entry: ReadEntry {
791 silly tar     _events: [Object: null prototype] {},
791 silly tar     _eventsCount: 0,
791 silly tar     _maxListeners: undefined,
791 silly tar     pipes: [ [Pipe] ],
791 silly tar     buffer: [],
791 silly tar     writable: false,
791 silly tar     readable: false,
791 silly tar     extended: null,
791 silly tar     globalExtended: null,
791 silly tar     header: Header {
791 silly tar       cksumValid: true,
791 silly tar       needPax: false,
791 silly tar       nullBlock: false,
791 silly tar       block: null,
791 silly tar       path: 'package/CHANGELOG.md',
791 silly tar       mode: 420,
791 silly tar       uid: 501,
791 silly tar       gid: 20,
791 silly tar       size: 11707,
791 silly tar       mtime: 2017-09-22T13:32:06.000Z,
791 silly tar       cksum: 5353,
791 silly tar       linkpath: '',
791 silly tar       uname: '',
791 silly tar       gname: '',
791 silly tar       devmaj: 0,
791 silly tar       devmin: 0,
791 silly tar       atime: null,
791 silly tar       ctime: null,
791 silly tar       [Symbol(type)]: '0'
791 silly tar     },
791 silly tar     startBlockSize: 11776,
791 silly tar     blockRemain: 0,
791 silly tar     remain: 0,
791 silly tar     type: 'File',
791 silly tar     meta: false,
791 silly tar     ignore: false,
791 silly tar     path: 'CHANGELOG.md',
791 silly tar     mode: 438,
791 silly tar     uid: 501,
791 silly tar     gid: 20,
791 silly tar     uname: '',
791 silly tar     gname: '',
791 silly tar     size: 11707,
791 silly tar     mtime: 2017-09-22T13:32:06.000Z,
791 silly tar     atime: null,
791 silly tar     ctime: null,
791 silly tar     linkpath: '',
791 silly tar     absolute: '/home/devluca/bot-achadinhos/node_modules/debug/CHANGELOG.md',
791 silly tar     [Symbol(kCapture)]: false,
791 silly tar     [Symbol(flowing)]: false,
791 silly tar     [Symbol(paused)]: true,
791 silly tar     [Symbol(objectMode)]: false,
791 silly tar     [Symbol(encoding)]: null,
791 silly tar     [Symbol(async)]: false,
791 silly tar     [Symbol(decoder)]: null,
791 silly tar     [Symbol(EOF)]: true,
791 silly tar     [Symbol(emittedEnd)]: true,
791 silly tar     [Symbol(emittingEnd)]: false,
791 silly tar     [Symbol(closed)]: false,
791 silly tar     [Symbol(emittedError)]: null,
791 silly tar     [Symbol(bufferLength)]: 0,
791 silly tar     [Symbol(destroyed)]: false
791 silly tar   },
791 silly tar   cwd: '/home/devluca/bot-achadinhos/node_modules/debug',
791 silly tar   tarCode: 'TAR_ENTRY_ERROR'
791 silly tar }
792 timing reifyNode:node_modules/dunder-proto Completed in 2565ms
793 http fetch GET 200 https://registry.npmjs.org/get-intrinsic/-/get-intrinsic-1.3.0.tgz 2458ms (cache miss)
794 timing reifyNode:node_modules/get-intrinsic Completed in 2570ms
795 http fetch GET 200 https://registry.npmjs.org/has-symbols/-/has-symbols-1.1.0.tgz 2483ms (cache miss)
796 timing reifyNode:node_modules/has-symbols Completed in 2578ms
797 warn tar TAR_ENTRY_ERROR EINVAL: invalid argument, fchown
798 silly tar TAR_ENTRY_ERROR EINVAL: invalid argument, fchown [Error: EINVAL: invalid argument, fchown] {
798 silly tar   errno: -22,
798 silly tar   code: 'EINVAL',
798 silly tar   syscall: 'fchown',
798 silly tar   entry: ReadEntry {
798 silly tar     _events: [Object: null prototype] {},
798 silly tar     _eventsCount: 0,
798 silly tar     _maxListeners: undefined,
798 silly tar     pipes: [ [Pipe] ],
798 silly tar     buffer: [],
798 silly tar     writable: false,
798 silly tar     readable: false,
798 silly tar     extended: null,
798 silly tar     globalExtended: null,
798 silly tar     header: Header {
798 silly tar       cksumValid: true,
798 silly tar       needPax: false,
798 silly tar       nullBlock: false,
798 silly tar       block: null,
798 silly tar       path: 'package/src/browser.js',
798 silly tar       mode: 420,
798 silly tar       uid: 501,
798 silly tar       gid: 20,
798 silly tar       size: 4734,
798 silly tar       mtime: 2017-09-22T13:29:26.000Z,
798 silly tar       cksum: 5857,
798 silly tar       linkpath: '',
798 silly tar       uname: '',
798 silly tar       gname: '',
798 silly tar       devmaj: 0,
798 silly tar       devmin: 0,
798 silly tar       atime: null,
798 silly tar       ctime: null,
798 silly tar       [Symbol(type)]: '0'
798 silly tar     },
798 silly tar     startBlockSize: 5120,
798 silly tar     blockRemain: 0,
798 silly tar     remain: 0,
798 silly tar     type: 'File',
798 silly tar     meta: false,
798 silly tar     ignore: false,
798 silly tar     path: 'src/browser.js',
798 silly tar     mode: 438,
798 silly tar     uid: 501,
798 silly tar     gid: 20,
798 silly tar     uname: '',
798 silly tar     gname: '',
798 silly tar     size: 4734,
798 silly tar     mtime: 2017-09-22T13:29:26.000Z,
798 silly tar     atime: null,
798 silly tar     ctime: null,
798 silly tar     linkpath: '',
798 silly tar     absolute: '/home/devluca/bot-achadinhos/node_modules/debug/src/browser.js',
798 silly tar     [Symbol(kCapture)]: false,
798 silly tar     [Symbol(flowing)]: true,
798 silly tar     [Symbol(paused)]: false,
798 silly tar     [Symbol(objectMode)]: false,
798 silly tar     [Symbol(encoding)]: null,
798 silly tar     [Symbol(async)]: false,
798 silly tar     [Symbol(decoder)]: null,
798 silly tar     [Symbol(EOF)]: true,
798 silly tar     [Symbol(emittedEnd)]: true,
798 silly tar     [Symbol(emittingEnd)]: false,
798 silly tar     [Symbol(closed)]: false,
798 silly tar     [Symbol(emittedError)]: null,
798 silly tar     [Symbol(bufferLength)]: 0,
798 silly tar     [Symbol(destroyed)]: false
798 silly tar   },
798 silly tar   cwd: '/home/devluca/bot-achadinhos/node_modules/debug',
798 silly tar   tarCode: 'TAR_ENTRY_ERROR'
798 silly tar }
799 http fetch GET 200 https://registry.npmjs.org/mime/-/mime-1.6.0.tgz 2468ms (cache miss)
800 timing reifyNode:node_modules/mime Completed in 2596ms
801 http fetch GET 200 https://registry.npmjs.org/brace-expansion/-/brace-expansion-5.0.8.tgz 2454ms (cache miss)
802 timing reifyNode:node_modules/brace-expansion Completed in 2597ms
803 warn tar TAR_ENTRY_ERROR EINVAL: invalid argument, fchown
804 silly tar TAR_ENTRY_ERROR EINVAL: invalid argument, fchown [Error: EINVAL: invalid argument, fchown] {
804 silly tar   errno: -22,
804 silly tar   code: 'EINVAL',
804 silly tar   syscall: 'fchown',
804 silly tar   entry: ReadEntry {
804 silly tar     _events: [Object: null prototype] {},
804 silly tar     _eventsCount: 0,
804 silly tar     _maxListeners: undefined,
804 silly tar     pipes: [ [Pipe] ],
804 silly tar     buffer: [],
804 silly tar     writable: false,
804 silly tar     readable: false,
804 silly tar     extended: null,
804 silly tar     globalExtended: null,
804 silly tar     header: Header {
804 silly tar       cksumValid: true,
804 silly tar       needPax: false,
804 silly tar       nullBlock: false,
804 silly tar       block: null,
804 silly tar       path: 'package/src/debug.js',
804 silly tar       mode: 420,
804 silly tar       uid: 501,
804 silly tar       gid: 20,
804 silly tar       size: 4394,
804 silly tar       mtime: 2017-09-22T13:29:26.000Z,
804 silly tar       cksum: 5600,
804 silly tar       linkpath: '',
804 silly tar       uname: '',
804 silly tar       gname: '',
804 silly tar       devmaj: 0,
804 silly tar       devmin: 0,
804 silly tar       atime: null,
804 silly tar       ctime: null,
804 silly tar       [Symbol(type)]: '0'
804 silly tar     },
804 silly tar     startBlockSize: 4608,
804 silly tar     blockRemain: 0,
804 silly tar     remain: 0,
804 silly tar     type: 'File',
804 silly tar     meta: false,
804 silly tar     ignore: false,
804 silly tar     path: 'src/debug.js',
804 silly tar     mode: 438,
804 silly tar     uid: 501,
804 silly tar     gid: 20,
804 silly tar     uname: '',
804 silly tar     gname: '',
804 silly tar     size: 4394,
804 silly tar     mtime: 2017-09-22T13:29:26.000Z,
804 silly tar     atime: null,
804 silly tar     ctime: null,
804 silly tar     linkpath: '',
804 silly tar     absolute: '/home/devluca/bot-achadinhos/node_modules/debug/src/debug.js',
804 silly tar     [Symbol(kCapture)]: false,
804 silly tar     [Symbol(flowing)]: true,
804 silly tar     [Symbol(paused)]: false,
804 silly tar     [Symbol(objectMode)]: false,
804 silly tar     [Symbol(encoding)]: null,
804 silly tar     [Symbol(async)]: false,
804 silly tar     [Symbol(decoder)]: null,
804 silly tar     [Symbol(EOF)]: true,
804 silly tar     [Symbol(emittedEnd)]: true,
804 silly tar     [Symbol(emittingEnd)]: false,
804 silly tar     [Symbol(closed)]: false,
804 silly tar     [Symbol(emittedError)]: null,
804 silly tar     [Symbol(bufferLength)]: 0,
804 silly tar     [Symbol(destroyed)]: false
804 silly tar   },
804 silly tar   cwd: '/home/devluca/bot-achadinhos/node_modules/debug',
804 silly tar   tarCode: 'TAR_ENTRY_ERROR'
804 silly tar }
805 warn tar TAR_ENTRY_ERROR EINVAL: invalid argument, fchown
806 silly tar TAR_ENTRY_ERROR EINVAL: invalid argument, fchown [Error: EINVAL: invalid argument, fchown] {
806 silly tar   errno: -22,
806 silly tar   code: 'EINVAL',
806 silly tar   syscall: 'fchown',
806 silly tar   entry: ReadEntry {
806 silly tar     _events: [Object: null prototype] {},
806 silly tar     _eventsCount: 0,
806 silly tar     _maxListeners: undefined,
806 silly tar     pipes: [ [Pipe] ],
806 silly tar     buffer: [],
806 silly tar     writable: false,
806 silly tar     readable: false,
806 silly tar     extended: null,
806 silly tar     globalExtended: null,
806 silly tar     header: Header {
806 silly tar       cksumValid: true,
806 silly tar       needPax: false,
806 silly tar       nullBlock: false,
806 silly tar       block: null,
806 silly tar       path: 'package/src/index.js',
806 silly tar       mode: 420,
806 silly tar       uid: 501,
806 silly tar       gid: 20,
806 silly tar       size: 263,
806 silly tar       mtime: 2017-09-22T13:29:26.000Z,
806 silly tar       cksum: 5616,
806 silly tar       linkpath: '',
806 silly tar       uname: '',
806 silly tar       gname: '',
806 silly tar       devmaj: 0,
806 silly tar       devmin: 0,
806 silly tar       atime: null,
806 silly tar       ctime: null,
806 silly tar       [Symbol(type)]: '0'
806 silly tar     },
806 silly tar     startBlockSize: 512,
806 silly tar     blockRemain: 0,
806 silly tar     remain: 0,
806 silly tar     type: 'File',
806 silly tar     meta: false,
806 silly tar     ignore: false,
806 silly tar     path: 'src/index.js',
806 silly tar     mode: 438,
806 silly tar     uid: 501,
806 silly tar     gid: 20,
806 silly tar     uname: '',
806 silly tar     gname: '',
806 silly tar     size: 263,
806 silly tar     mtime: 2017-09-22T13:29:26.000Z,
806 silly tar     atime: null,
806 silly tar     ctime: null,
806 silly tar     linkpath: '',
806 silly tar     absolute: '/home/devluca/bot-achadinhos/node_modules/debug/src/index.js',
806 silly tar     [Symbol(kCapture)]: false,
806 silly tar     [Symbol(flowing)]: false,
806 silly tar     [Symbol(paused)]: true,
806 silly tar     [Symbol(objectMode)]: false,
806 silly tar     [Symbol(encoding)]: null,
806 silly tar     [Symbol(async)]: false,
806 silly tar     [Symbol(decoder)]: null,
806 silly tar     [Symbol(EOF)]: true,
806 silly tar     [Symbol(emittedEnd)]: true,
806 silly tar     [Symbol(emittingEnd)]: false,
806 silly tar     [Symbol(closed)]: false,
806 silly tar     [Symbol(emittedError)]: null,
806 silly tar     [Symbol(bufferLength)]: 0,
806 silly tar     [Symbol(destroyed)]: false
806 silly tar   },
806 silly tar   cwd: '/home/devluca/bot-achadinhos/node_modules/debug',
806 silly tar   tarCode: 'TAR_ENTRY_ERROR'
806 silly tar }
807 warn tar TAR_ENTRY_ERROR EINVAL: invalid argument, fchown
808 silly tar TAR_ENTRY_ERROR EINVAL: invalid argument, fchown [Error: EINVAL: invalid argument, fchown] {
808 silly tar   errno: -22,
808 silly tar   code: 'EINVAL',
808 silly tar   syscall: 'fchown',
808 silly tar   entry: ReadEntry {
808 silly tar     _events: [Object: null prototype] {},
808 silly tar     _eventsCount: 0,
808 silly tar     _maxListeners: undefined,
808 silly tar     pipes: [ [Pipe] ],
808 silly tar     buffer: [],
808 silly tar     writable: false,
808 silly tar     readable: false,
808 silly tar     extended: null,
808 silly tar     globalExtended: null,
808 silly tar     header: Header {
808 silly tar       cksumValid: true,
808 silly tar       needPax: false,
808 silly tar       nullBlock: false,
808 silly tar       block: null,
808 silly tar       path: 'package/src/inspector-log.js',
808 silly tar       mode: 420,
808 silly tar       uid: 501,
808 silly tar       gid: 20,
808 silly tar       size: 373,
808 silly tar       mtime: 2017-09-21T18:04:48.000Z,
808 silly tar       cksum: 6445,
808 silly tar       linkpath: '',
808 silly tar       uname: '',
808 silly tar       gname: '',
808 silly tar       devmaj: 0,
808 silly tar       devmin: 0,
808 silly tar       atime: null,
808 silly tar       ctime: null,
808 silly tar       [Symbol(type)]: '0'
808 silly tar     },
808 silly tar     startBlockSize: 512,
808 silly tar     blockRemain: 0,
808 silly tar     remain: 0,
808 silly tar     type: 'File',
808 silly tar     meta: false,
808 silly tar     ignore: false,
808 silly tar     path: 'src/inspector-log.js',
808 silly tar     mode: 438,
808 silly tar     uid: 501,
808 silly tar     gid: 20,
808 silly tar     uname: '',
808 silly tar     gname: '',
808 silly tar     size: 373,
808 silly tar     mtime: 2017-09-21T18:04:48.000Z,
808 silly tar     atime: null,
808 silly tar     ctime: null,
808 silly tar     linkpath: '',
808 silly tar     absolute: '/home/devluca/bot-achadinhos/node_modules/debug/src/inspector-log.js',
808 silly tar     [Symbol(kCapture)]: false,
808 silly tar     [Symbol(flowing)]: false,
808 silly tar     [Symbol(paused)]: true,
808 silly tar     [Symbol(objectMode)]: false,
808 silly tar     [Symbol(encoding)]: null,
808 silly tar     [Symbol(async)]: false,
808 silly tar     [Symbol(decoder)]: null,
808 silly tar     [Symbol(EOF)]: true,
808 silly tar     [Symbol(emittedEnd)]: true,
808 silly tar     [Symbol(emittingEnd)]: false,
808 silly tar     [Symbol(closed)]: false,
808 silly tar     [Symbol(emittedError)]: null,
808 silly tar     [Symbol(bufferLength)]: 0,
808 silly tar     [Symbol(destroyed)]: false
808 silly tar   },
808 silly tar   cwd: '/home/devluca/bot-achadinhos/node_modules/debug',
808 silly tar   tarCode: 'TAR_ENTRY_ERROR'
808 silly tar }
809 http fetch GET 200 https://registry.npmjs.org/braces/-/braces-3.0.3.tgz 2444ms (cache miss)
810 timing reifyNode:node_modules/braces Completed in 2622ms
811 http fetch GET 200 https://registry.npmjs.org/debug/-/debug-2.6.9.tgz 2281ms (cache miss)
812 warn tar TAR_ENTRY_ERROR EINVAL: invalid argument, fchown
813 silly tar TAR_ENTRY_ERROR EINVAL: invalid argument, fchown [Error: EINVAL: invalid argument, fchown] {
813 silly tar   errno: -22,
813 silly tar   code: 'EINVAL',
813 silly tar   syscall: 'fchown',
813 silly tar   entry: ReadEntry {
813 silly tar     _events: [Object: null prototype] {},
813 silly tar     _eventsCount: 0,
813 silly tar     _maxListeners: undefined,
813 silly tar     pipes: [ [Pipe] ],
813 silly tar     buffer: [],
813 silly tar     writable: false,
813 silly tar     readable: false,
813 silly tar     extended: null,
813 silly tar     globalExtended: null,
813 silly tar     header: Header {
813 silly tar       cksumValid: true,
813 silly tar       needPax: false,
813 silly tar       nullBlock: false,
813 silly tar       block: null,
813 silly tar       path: 'package/src/node.js',
813 silly tar       mode: 420,
813 silly tar       uid: 501,
813 silly tar       gid: 20,
813 silly tar       size: 6015,
813 silly tar       mtime: 2017-09-22T13:31:40.000Z,
813 silly tar       cksum: 5515,
813 silly tar       linkpath: '',
813 silly tar       uname: '',
813 silly tar       gname: '',
813 silly tar       devmaj: 0,
813 silly tar       devmin: 0,
813 silly tar       atime: null,
813 silly tar       ctime: null,
813 silly tar       [Symbol(type)]: '0'
813 silly tar     },
813 silly tar     startBlockSize: 6144,
813 silly tar     blockRemain: 0,
813 silly tar     remain: 0,
813 silly tar     type: 'File',
813 silly tar     meta: false,
813 silly tar     ignore: false,
813 silly tar     path: 'src/node.js',
813 silly tar     mode: 438,
813 silly tar     uid: 501,
813 silly tar     gid: 20,
813 silly tar     uname: '',
813 silly tar     gname: '',
813 silly tar     size: 6015,
813 silly tar     mtime: 2017-09-22T13:31:40.000Z,
813 silly tar     atime: null,
813 silly tar     ctime: null,
813 silly tar     linkpath: '',
813 silly tar     absolute: '/home/devluca/bot-achadinhos/node_modules/debug/src/node.js',
813 silly tar     [Symbol(kCapture)]: false,
813 silly tar     [Symbol(flowing)]: true,
813 silly tar     [Symbol(paused)]: false,
813 silly tar     [Symbol(objectMode)]: false,
813 silly tar     [Symbol(encoding)]: null,
813 silly tar     [Symbol(async)]: false,
813 silly tar     [Symbol(decoder)]: null,
813 silly tar     [Symbol(EOF)]: true,
813 silly tar     [Symbol(emittedEnd)]: true,
813 silly tar     [Symbol(emittingEnd)]: false,
813 silly tar     [Symbol(closed)]: false,
813 silly tar     [Symbol(emittedError)]: null,
813 silly tar     [Symbol(bufferLength)]: 0,
813 silly tar     [Symbol(destroyed)]: false
813 silly tar   },
813 silly tar   cwd: '/home/devluca/bot-achadinhos/node_modules/debug',
813 silly tar   tarCode: 'TAR_ENTRY_ERROR'
813 silly tar }
814 timing reifyNode:node_modules/debug Completed in 2629ms
815 http fetch GET 200 https://registry.npmjs.org/body-parser/-/body-parser-1.20.6.tgz 2278ms (cache miss)
816 timing reifyNode:node_modules/body-parser Completed in 2633ms
817 http fetch GET 200 https://registry.npmjs.org/math-intrinsics/-/math-intrinsics-1.1.0.tgz 2567ms (cache miss)
818 http fetch GET 200 https://registry.npmjs.org/picomatch/-/picomatch-2.3.2.tgz 2506ms (cache miss)
819 timing reifyNode:node_modules/picomatch Completed in 2670ms
820 timing reifyNode:node_modules/math-intrinsics Completed in 2679ms
821 http fetch GET 200 https://registry.npmjs.org/qs/-/qs-6.15.3.tgz 2494ms (cache miss)
822 timing reifyNode:node_modules/qs Completed in 2772ms
823 http fetch GET 200 https://registry.npmjs.org/express/-/express-4.22.2.tgz 2429ms (cache miss)
824 timing reifyNode:node_modules/express Completed in 2795ms
825 http fetch GET 200 https://registry.npmjs.org/semver/-/semver-7.8.5.tgz 2631ms (cache miss)
826 timing reifyNode:node_modules/semver Completed in 2818ms
827 http fetch GET 200 https://registry.npmjs.org/nodemon/-/nodemon-3.1.14.tgz 2505ms (cache miss)
828 timing reifyNode:node_modules/nodemon Completed in 2875ms
829 http fetch GET 200 https://registry.npmjs.org/minimatch/-/minimatch-10.2.6.tgz 2692ms (cache miss)
830 timing reifyNode:node_modules/minimatch Completed in 2883ms
831 http fetch GET 200 https://registry.npmjs.org/side-channel-list/-/side-channel-list-1.0.1.tgz 3353ms (cache miss)
832 timing reifyNode:node_modules/side-channel-list Completed in 3476ms
833 warn tar TAR_ENTRY_ERROR EINVAL: invalid argument, fchown
834 silly tar TAR_ENTRY_ERROR EINVAL: invalid argument, fchown [Error: EINVAL: invalid argument, fchown] {
834 silly tar   errno: -22,
834 silly tar   code: 'EINVAL',
834 silly tar   syscall: 'fchown',
834 silly tar   entry: ReadEntry {
834 silly tar     _events: [Object: null prototype] {},
834 silly tar     _eventsCount: 0,
834 silly tar     _maxListeners: undefined,
834 silly tar     pipes: [ [Pipe] ],
834 silly tar     buffer: [],
834 silly tar     writable: false,
834 silly tar     readable: false,
834 silly tar     extended: null,
834 silly tar     globalExtended: null,
834 silly tar     header: Header {
834 silly tar       cksumValid: true,
834 silly tar       needPax: false,
834 silly tar       nullBlock: false,
834 silly tar       block: null,
834 silly tar       path: 'package/package.json',
834 silly tar       mode: 420,
834 silly tar       uid: 503,
834 silly tar       gid: 20,
834 silly tar       size: 1220,
834 silly tar       mtime: 2016-12-11T04:04:13.000Z,
834 silly tar       cksum: 5642,
834 silly tar       linkpath: '',
834 silly tar       uname: '',
834 silly tar       gname: '',
834 silly tar       devmaj: 0,
834 silly tar       devmin: 0,
834 silly tar       atime: null,
834 silly tar       ctime: null,
834 silly tar       [Symbol(type)]: '0'
834 silly tar     },
834 silly tar     startBlockSize: 1536,
834 silly tar     blockRemain: 0,
834 silly tar     remain: 0,
834 silly tar     type: 'File',
834 silly tar     meta: false,
834 silly tar     ignore: false,
834 silly tar     path: 'package.json',
834 silly tar     mode: 438,
834 silly tar     uid: 503,
834 silly tar     gid: 20,
834 silly tar     uname: '',
834 silly tar     gname: '',
834 silly tar     size: 1220,
834 silly tar     mtime: 2016-12-11T04:04:13.000Z,
834 silly tar     atime: null,
834 silly tar     ctime: null,
834 silly tar     linkpath: '',
834 silly tar     absolute: '/home/devluca/bot-achadinhos/node_modules/is-extglob/package.json',
834 silly tar     [Symbol(kCapture)]: false,
834 silly tar     [Symbol(flowing)]: true,
834 silly tar     [Symbol(paused)]: false,
834 silly tar     [Symbol(objectMode)]: false,
834 silly tar     [Symbol(encoding)]: null,
834 silly tar     [Symbol(async)]: false,
834 silly tar     [Symbol(decoder)]: null,
834 silly tar     [Symbol(EOF)]: true,
834 silly tar     [Symbol(emittedEnd)]: true,
834 silly tar     [Symbol(emittingEnd)]: false,
834 silly tar     [Symbol(closed)]: false,
834 silly tar     [Symbol(emittedError)]: null,
834 silly tar     [Symbol(bufferLength)]: 0,
834 silly tar     [Symbol(destroyed)]: false
834 silly tar   },
834 silly tar   cwd: '/home/devluca/bot-achadinhos/node_modules/is-extglob',
834 silly tar   tarCode: 'TAR_ENTRY_ERROR'
834 silly tar }
835 warn tar TAR_ENTRY_ERROR EINVAL: invalid argument, fchown
836 silly tar TAR_ENTRY_ERROR EINVAL: invalid argument, fchown [Error: EINVAL: invalid argument, fchown] {
836 silly tar   errno: -22,
836 silly tar   code: 'EINVAL',
836 silly tar   syscall: 'fchown',
836 silly tar   entry: ReadEntry {
836 silly tar     _events: [Object: null prototype] { drain: [Function] },
836 silly tar     _eventsCount: 1,
836 silly tar     _maxListeners: undefined,
836 silly tar     pipes: [ [Pipe] ],
836 silly tar     buffer: [],
836 silly tar     writable: false,
836 silly tar     readable: false,
836 silly tar     extended: null,
836 silly tar     globalExtended: null,
836 silly tar     header: Header {
836 silly tar       cksumValid: true,
836 silly tar       needPax: false,
836 silly tar       nullBlock: false,
836 silly tar       block: null,
836 silly tar       path: 'package/README.md',
836 silly tar       mode: 420,
836 silly tar       uid: 503,
836 silly tar       gid: 20,
836 silly tar       size: 3469,
836 silly tar       mtime: 2016-09-03T19:12:15.000Z,
836 silly tar       cksum: 5141,
836 silly tar       linkpath: '',
836 silly tar       uname: '',
836 silly tar       gname: '',
836 silly tar       devmaj: 0,
836 silly tar       devmin: 0,
836 silly tar       atime: null,
836 silly tar       ctime: null,
836 silly tar       [Symbol(type)]: '0'
836 silly tar     },
836 silly tar     startBlockSize: 3584,
836 silly tar     blockRemain: 0,
836 silly tar     remain: 0,
836 silly tar     type: 'File',
836 silly tar     meta: false,
836 silly tar     ignore: false,
836 silly tar     path: 'README.md',
836 silly tar     mode: 438,
836 silly tar     uid: 503,
836 silly tar     gid: 20,
836 silly tar     uname: '',
836 silly tar     gname: '',
836 silly tar     size: 3469,
836 silly tar     mtime: 2016-09-03T19:12:15.000Z,
836 silly tar     atime: null,
836 silly tar     ctime: null,
836 silly tar     linkpath: '',
836 silly tar     absolute: '/home/devluca/bot-achadinhos/node_modules/is-extglob/README.md',
836 silly tar     [Symbol(kCapture)]: false,
836 silly tar     [Symbol(flowing)]: false,
836 silly tar     [Symbol(paused)]: true,
836 silly tar     [Symbol(objectMode)]: false,
836 silly tar     [Symbol(encoding)]: null,
836 silly tar     [Symbol(async)]: false,
836 silly tar     [Symbol(decoder)]: null,
836 silly tar     [Symbol(EOF)]: true,
836 silly tar     [Symbol(emittedEnd)]: true,
836 silly tar     [Symbol(emittingEnd)]: false,
836 silly tar     [Symbol(closed)]: false,
836 silly tar     [Symbol(emittedError)]: null,
836 silly tar     [Symbol(bufferLength)]: 0,
836 silly tar     [Symbol(destroyed)]: false
836 silly tar   },
836 silly tar   cwd: '/home/devluca/bot-achadinhos/node_modules/is-extglob',
836 silly tar   tarCode: 'TAR_ENTRY_ERROR'
836 silly tar }
837 warn tar TAR_ENTRY_ERROR EINVAL: invalid argument, fchown
838 silly tar TAR_ENTRY_ERROR EINVAL: invalid argument, fchown [Error: EINVAL: invalid argument, fchown] {
838 silly tar   errno: -22,
838 silly tar   code: 'EINVAL',
838 silly tar   syscall: 'fchown',
838 silly tar   entry: ReadEntry {
838 silly tar     _events: [Object: null prototype] {},
838 silly tar     _eventsCount: 0,
838 silly tar     _maxListeners: undefined,
838 silly tar     pipes: [ [Pipe] ],
838 silly tar     buffer: [],
838 silly tar     writable: false,
838 silly tar     readable: false,
838 silly tar     extended: null,
838 silly tar     globalExtended: null,
838 silly tar     header: Header {
838 silly tar       cksumValid: true,
838 silly tar       needPax: false,
838 silly tar       nullBlock: false,
838 silly tar       block: null,
838 silly tar       path: 'package/LICENSE',
838 silly tar       mode: 420,
838 silly tar       uid: 503,
838 silly tar       gid: 20,
838 silly tar       size: 1087,
838 silly tar       mtime: 2015-02-20T11:19:06.000Z,
838 silly tar       cksum: 4966,
838 silly tar       linkpath: '',
838 silly tar       uname: '',
838 silly tar       gname: '',
838 silly tar       devmaj: 0,
838 silly tar       devmin: 0,
838 silly tar       atime: null,
838 silly tar       ctime: null,
838 silly tar       [Symbol(type)]: '0'
838 silly tar     },
838 silly tar     startBlockSize: 1536,
838 silly tar     blockRemain: 0,
838 silly tar     remain: 0,
838 silly tar     type: 'File',
838 silly tar     meta: false,
838 silly tar     ignore: false,
838 silly tar     path: 'LICENSE',
838 silly tar     mode: 438,
838 silly tar     uid: 503,
838 silly tar     gid: 20,
838 silly tar     uname: '',
838 silly tar     gname: '',
838 silly tar     size: 1087,
838 silly tar     mtime: 2015-02-20T11:19:06.000Z,
838 silly tar     atime: null,
838 silly tar     ctime: null,
838 silly tar     linkpath: '',
838 silly tar     absolute: '/home/devluca/bot-achadinhos/node_modules/is-extglob/LICENSE',
838 silly tar     [Symbol(kCapture)]: false,
838 silly tar     [Symbol(flowing)]: false,
838 silly tar     [Symbol(paused)]: true,
838 silly tar     [Symbol(objectMode)]: false,
838 silly tar     [Symbol(encoding)]: null,
838 silly tar     [Symbol(async)]: false,
838 silly tar     [Symbol(decoder)]: null,
838 silly tar     [Symbol(EOF)]: true,
838 silly tar     [Symbol(emittedEnd)]: true,
838 silly tar     [Symbol(emittingEnd)]: false,
838 silly tar     [Symbol(closed)]: false,
838 silly tar     [Symbol(emittedError)]: null,
838 silly tar     [Symbol(bufferLength)]: 0,
838 silly tar     [Symbol(destroyed)]: false
838 silly tar   },
838 silly tar   cwd: '/home/devluca/bot-achadinhos/node_modules/is-extglob',
838 silly tar   tarCode: 'TAR_ENTRY_ERROR'
838 silly tar }
839 warn tar TAR_ENTRY_ERROR EINVAL: invalid argument, fchown
840 silly tar TAR_ENTRY_ERROR EINVAL: invalid argument, fchown [Error: EINVAL: invalid argument, fchown] {
840 silly tar   errno: -22,
840 silly tar   code: 'EINVAL',
840 silly tar   syscall: 'fchown',
840 silly tar   entry: ReadEntry {
840 silly tar     _events: [Object: null prototype] {},
840 silly tar     _eventsCount: 0,
840 silly tar     _maxListeners: undefined,
840 silly tar     pipes: [ [Pipe] ],
840 silly tar     buffer: [],
840 silly tar     writable: false,
840 silly tar     readable: false,
840 silly tar     extended: null,
840 silly tar     globalExtended: null,
840 silly tar     header: Header {
840 silly tar       cksumValid: true,
840 silly tar       needPax: false,
840 silly tar       nullBlock: false,
840 silly tar       block: null,
840 silly tar       path: 'package/index.js',
840 silly tar       mode: 420,
840 silly tar       uid: 503,
840 silly tar       gid: 20,
840 silly tar       size: 441,
840 silly tar       mtime: 2016-10-12T22:31:59.000Z,
840 silly tar       cksum: 5272,
840 silly tar       linkpath: '',
840 silly tar       uname: '',
840 silly tar       gname: '',
840 silly tar       devmaj: 0,
840 silly tar       devmin: 0,
840 silly tar       atime: null,
840 silly tar       ctime: null,
840 silly tar       [Symbol(type)]: '0'
840 silly tar     },
840 silly tar     startBlockSize: 512,
840 silly tar     blockRemain: 0,
840 silly tar     remain: 0,
840 silly tar     type: 'File',
840 silly tar     meta: false,
840 silly tar     ignore: false,
840 silly tar     path: 'index.js',
840 silly tar     mode: 438,
840 silly tar     uid: 503,
840 silly tar     gid: 20,
840 silly tar     uname: '',
840 silly tar     gname: '',
840 silly tar     size: 441,
840 silly tar     mtime: 2016-10-12T22:31:59.000Z,
840 silly tar     atime: null,
840 silly tar     ctime: null,
840 silly tar     linkpath: '',
840 silly tar     absolute: '/home/devluca/bot-achadinhos/node_modules/is-extglob/index.js',
840 silly tar     [Symbol(kCapture)]: false,
840 silly tar     [Symbol(flowing)]: false,
840 silly tar     [Symbol(paused)]: true,
840 silly tar     [Symbol(objectMode)]: false,
840 silly tar     [Symbol(encoding)]: null,
840 silly tar     [Symbol(async)]: false,
840 silly tar     [Symbol(decoder)]: null,
840 silly tar     [Symbol(EOF)]: true,
840 silly tar     [Symbol(emittedEnd)]: true,
840 silly tar     [Symbol(emittingEnd)]: false,
840 silly tar     [Symbol(closed)]: false,
840 silly tar     [Symbol(emittedError)]: null,
840 silly tar     [Symbol(bufferLength)]: 0,
840 silly tar     [Symbol(destroyed)]: false
840 silly tar   },
840 silly tar   cwd: '/home/devluca/bot-achadinhos/node_modules/is-extglob',
840 silly tar   tarCode: 'TAR_ENTRY_ERROR'
840 silly tar }
841 http fetch GET 200 https://registry.npmjs.org/ms/-/ms-2.1.3.tgz 3143ms (cache miss)
842 timing reifyNode:node_modules/send/node_modules/ms Completed in 3514ms
843 http fetch GET 200 https://registry.npmjs.org/is-extglob/-/is-extglob-2.1.1.tgz 3380ms (cache miss)
844 timing reifyNode:node_modules/is-extglob Completed in 3524ms
845 http fetch GET 200 https://registry.npmjs.org/ms/-/ms-2.1.3.tgz 3150ms (cache miss)
846 timing reifyNode:node_modules/nodemon/node_modules/ms Completed in 3522ms
847 http fetch GET 200 https://registry.npmjs.org/side-channel-map/-/side-channel-map-1.0.1.tgz 3422ms (cache miss)
848 http fetch GET 200 https://registry.npmjs.org/call-bind-apply-helpers/-/call-bind-apply-helpers-1.0.2.tgz 3435ms (cache miss)
849 http fetch GET 200 https://registry.npmjs.org/call-bound/-/call-bound-1.0.4.tgz 3435ms (cache miss)
850 timing reifyNode:node_modules/call-bound Completed in 3549ms
851 http fetch GET 200 https://registry.npmjs.org/balanced-match/-/balanced-match-4.0.4.tgz 3408ms (cache miss)
852 timing reifyNode:node_modules/side-channel-map Completed in 3551ms
853 http fetch GET 200 https://registry.npmjs.org/es-errors/-/es-errors-1.3.0.tgz 3426ms (cache miss)
854 timing reifyNode:node_modules/call-bind-apply-helpers Completed in 3555ms
855 timing reifyNode:node_modules/balanced-match Completed in 3554ms
856 timing reifyNode:node_modules/es-errors Completed in 3556ms
857 http fetch GET 200 https://registry.npmjs.org/debug/-/debug-4.4.3.tgz 3075ms (cache miss)
858 timing reifyNode:node_modules/nodemon/node_modules/debug Completed in 3563ms
859 http fetch GET 200 https://registry.npmjs.org/mime-db/-/mime-db-1.52.0.tgz 3365ms (cache miss)
860 timing reifyNode:node_modules/mime-db Completed in 3570ms
861 http fetch GET 200 https://registry.npmjs.org/chokidar/-/chokidar-3.6.0.tgz 3363ms (cache miss)
862 timing reifyNode:node_modules/chokidar Completed in 3572ms
863 http fetch GET 200 https://registry.npmjs.org/object-inspect/-/object-inspect-1.13.4.tgz 3470ms (cache miss)
864 timing reifyNode:node_modules/object-inspect Completed in 3596ms
865 http fetch GET 200 https://registry.npmjs.org/iconv-lite/-/iconv-lite-0.4.24.tgz 3388ms (cache miss)
866 timing reifyNode:node_modules/iconv-lite Completed in 3622ms
867 timing reify:unpack Completed in 3630ms
868 timing reify:unretire Completed in 1ms
869 timing build:queue Completed in 8ms
870 timing build:link:node_modules/nodemon Completed in 3ms
871 timing build:link:node_modules/semver Completed in 3ms
872 timing build:link:node_modules/mime Completed in 4ms
873 timing build:link:node_modules/touch Completed in 4ms
874 timing build:link Completed in 5ms
875 timing build:deps Completed in 14ms
876 timing build Completed in 15ms
877 timing reify:build Completed in 16ms
878 timing reify:trash Completed in 1ms
879 timing reify:save Completed in 68ms
880 timing reify Completed in 11927ms
881 silly ADD node_modules/media-typer
882 silly ADD node_modules/is-number
883 silly ADD node_modules/has-flag
884 silly ADD node_modules/dunder-proto
885 silly ADD node_modules/math-intrinsics
886 silly ADD node_modules/hasown
887 silly ADD node_modules/has-symbols
888 silly ADD node_modules/gopd
889 silly ADD node_modules/get-proto
890 silly ADD node_modules/es-object-atoms
891 silly ADD node_modules/function-bind
892 silly ADD node_modules/call-bind-apply-helpers
893 silly ADD node_modules/get-intrinsic
894 silly ADD node_modules/call-bound
895 silly ADD node_modules/side-channel-weakmap
896 silly ADD node_modules/side-channel-map
897 silly ADD node_modules/side-channel-list
898 silly ADD node_modules/object-inspect
899 silly ADD node_modules/es-errors
900 silly ADD node_modules/mime
901 silly ADD node_modules/side-channel
902 silly ADD node_modules/es-define-property
903 silly ADD node_modules/ipaddr.js
904 silly ADD node_modules/forwarded
905 silly ADD node_modules/ee-first
906 silly ADD node_modules/balanced-match
907 silly ADD node_modules/brace-expansion
908 silly ADD node_modules/is-extglob
909 silly ADD node_modules/binary-extensions
910 silly ADD node_modules/to-regex-range
911 silly ADD node_modules/fill-range
912 silly ADD node_modules/picomatch
913 silly ADD node_modules/readdirp
914 silly ADD node_modules/normalize-path
915 silly ADD node_modules/is-glob
916 silly ADD node_modules/is-binary-path
917 silly ADD node_modules/glob-parent
918 silly ADD
919 silly ADD node_modules/braces
920 silly ADD node_modules/anymatch
921 silly ADD node_modules/undefsafe
922 silly ADD node_modules/touch
923 silly ADD node_modules/supports-color
924 silly ADD node_modules/simple-update-notifier
925 silly ADD node_modules/semver
926 silly ADD node_modules/pstree.remy
927 silly ADD node_modules/minimatch
928 silly ADD node_modules/ignore-by-default
929 silly ADD node_modules/chokidar
930 silly ADD node_modules/mime-db
931 silly ADD node_modules/safer-buffer
932 silly ADD node_modules/toidentifier
933 silly ADD node_modules/inherits
934 silly ADD node_modules/ms
935 silly ADD node_modules/unpipe
936 silly ADD node_modules/raw-body
937 silly ADD node_modules/iconv-lite
938 silly ADD node_modules/destroy
939 silly ADD node_modules/bytes
940 silly ADD node_modules/negotiator
941 silly ADD node_modules/mime-types
942 silly ADD node_modules/utils-merge
943 silly ADD node_modules/type-is
944 silly ADD node_modules/statuses
945 silly ADD node_modules/setprototypeof
946 silly ADD node_modules/serve-static
947 silly ADD node_modules/send
948 silly ADD node_modules/send/node_modules/ms
949 silly ADD node_modules/safe-buffer
950 silly ADD node_modules/range-parser
951 silly ADD node_modules/qs
952 silly ADD node_modules/proxy-addr
953 silly ADD node_modules/path-to-regexp
954 silly ADD node_modules/parseurl
955 silly ADD node_modules/on-finished
956 silly ADD node_modules/methods
957 silly ADD node_modules/merge-descriptors
958 silly ADD node_modules/http-errors
959 silly ADD node_modules/fresh
960 silly ADD node_modules/finalhandler
961 silly ADD node_modules/etag
962 silly ADD node_modules/escape-html
963 silly ADD node_modules/encodeurl
964 silly ADD node_modules/depd
965 silly ADD node_modules/debug
966 silly ADD node_modules/cookie-signature
967 silly ADD node_modules/cookie
968 silly ADD node_modules/content-type
969 silly ADD node_modules/content-disposition
970 silly ADD node_modules/body-parser
971 silly ADD node_modules/array-flatten
972 silly ADD node_modules/accepts
973 silly ADD node_modules/vary
974 silly ADD node_modules/object-assign
975 silly ADD node_modules/nodemon
976 silly ADD node_modules/nodemon/node_modules/ms
977 silly ADD node_modules/nodemon/node_modules/debug
978 silly ADD node_modules/express
979 silly ADD node_modules/cors
980 timing command:install Completed in 11949ms
981 verbose exit 0
982 timing npm Completed in 12036ms
983 info ok
